,FSC-A,SSC-A,FL1-A,FL2-A,FL3-A,FL4-A,FSC-H,SSC-H,FL1-H,FL2-H,FL3-H,FL4-H,Width,Time
0,75147.0,25794.0,416583.0,68649.0,28079.0,0.0,157224.0,41164.0,409644.0,67053.0,26729.0,112.0,70.0,156.0
1,210665.0,10724.0,1404155.0,224856.0,92686.0,916.0,439310.0,18010.0,1366221.0,219231.0,91866.0,3194.0,72.0,156.0
2,94417.0,20583.0,964237.0,145238.0,57982.0,168.0,194826.0,33670.0,938318.0,141703.0,51977.0,824.0,71.0,156.0
3,13532.0,3464.0,67985.0,9597.0,2511.0,299.0,37572.0,5310.0,66067.0,9164.0,2820.0,304.0,67.0,156.0
4,89455.0,10113.0,651360.0,102735.0,42991.0,0.0,187961.0,17097.0,628509.0,99924.0,41383.0,430.0,74.0,156.0
5,75223.0,10231.0,547938.0,88412.0,39927.0,1278.0,161936.0,14906.0,528002.0,85352.0,37096.0,1210.0,71.0,157.0
6,167464.0,25432.0,857620.0,135762.0,57269.0,0.0,339038.0,40329.0,801624.0,125599.0,54333.0,1284.0,72.0,158.0
7,140091.0,30751.0,1348835.0,213856.0,87986.0,2359.0,252734.0,47550.0,1192705.0,188538.0,73663.0,2402.0,112.0,158.0
8,249050.0,28351.0,1399055.0,229380.0,80188.0,0.0,493005.0,42194.0,1285476.0,210935.0,72268.0,268.0,93.0,158.0
9,31085.0,4887.0,471725.0,70666.0,21689.0,1111.0,71781.0,6402.0,447031.0,67495.0,21206.0,907.0,72.0,158.0
10,6961.0,3325.0,141745.0,22313.0,6687.0,529.0,24097.0,3888.0,138885.0,21471.0,7615.0,843.0,69.0,159.0
11,125641.0,28854.0,912436.0,139111.0,53842.0,444.0,262970.0,43224.0,856495.0,130598.0,50819.0,527.0,72.0,160.0
12,51473.0,15256.0,804037.0,128004.0,40840.0,1642.0,113256.0,22276.0,771708.0,122273.0,40722.0,1507.0,71.0,160.0
13,151611.0,20544.0,1614418.0,262407.0,102671.0,0.0,288549.0,31399.0,1496711.0,242540.0,93532.0,605.0,91.0,160.0
14,101750.0,11349.0,597760.0,111034.0,46411.0,0.0,203651.0,17533.0,559560.0,104192.0,39974.0,439.0,89.0,162.0
15,175337.0,25637.0,1193904.0,199779.0,96054.0,0.0,331729.0,36785.0,1014941.0,169378.0,79702.0,919.0,94.0,162.0
16,135324.0,12059.0,599815.0,93121.0,38018.0,0.0,299324.0,16932.0,600090.0,93347.0,37016.0,249.0,69.0,162.0
17,57787.0,13032.0,279173.0,36905.0,16040.0,274.0,119834.0,21958.0,272526.0,35715.0,15561.0,427.0,70.0,162.0
18,89994.0,10268.0,526401.0,85608.0,39480.0,439.0,211080.0,15674.0,516613.0,85113.0,37900.0,944.0,71.0,163.0
19,91463.0,6608.0,691730.0,109631.0,49187.0,812.0,204519.0,11829.0,663521.0,106462.0,48955.0,1207.0,73.0,163.0
20,7594.0,35389.0,38439.0,7595.0,4505.0,0.0,40166.0,51080.0,34773.0,6846.0,3571.0,82.0,63.0,164.0
21,62872.0,14324.0,599583.0,99731.0,41269.0,0.0,134685.0,20112.0,564257.0,94785.0,38758.0,735.0,88.0,165.0
22,84170.0,22010.0,742603.0,114191.0,46259.0,0.0,176878.0,34992.0,709538.0,109613.0,42166.0,501.0,71.0,165.0
23,148854.0,31167.0,842627.0,131489.0,53035.0,744.0,270590.0,46238.0,789536.0,124298.0,53016.0,1334.0,75.0,165.0
24,128941.0,10982.0,874624.0,137907.0,57712.0,0.0,243818.0,16618.0,819799.0,127899.0,54643.0,407.0,75.0,165.0
25,157594.0,17461.0,715935.0,113188.0,48211.0,1324.0,339643.0,31936.0,682909.0,107599.0,45444.0,2170.0,90.0,165.0
26,238578.0,35059.0,2040235.0,330641.0,124908.0,79.0,491062.0,57347.0,1989093.0,323137.0,120108.0,2402.0,72.0,166.0
27,68506.0,12802.0,470786.0,69683.0,22514.0,1169.0,155866.0,18178.0,459816.0,67732.0,23736.0,1414.0,70.0,166.0
28,138873.0,29662.0,635086.0,113439.0,49390.0,1951.0,299644.0,48133.0,622123.0,111895.0,50407.0,2315.0,72.0,166.0
29,214354.0,23544.0,1400328.0,236992.0,84450.0,2198.0,426484.0,38404.0,1368070.0,230722.0,81654.0,2205.0,70.0,166.0
30,55342.0,5978.0,437792.0,77908.0,25600.0,0.0,112977.0,9341.0,442575.0,77639.0,25739.0,469.0,70.0,167.0
31,39618.0,6104.0,360623.0,58200.0,24759.0,896.0,77481.0,7773.0,346840.0,56577.0,23188.0,1027.0,71.0,167.0
32,8855.0,3751.0,79911.0,10667.0,3885.0,261.0,37441.0,6503.0,79502.0,10251.0,3730.0,373.0,68.0,167.0
33,137973.0,10570.0,882349.0,134330.0,47042.0,51.0,297857.0,16176.0,865376.0,132060.0,44092.0,797.0,73.0,168.0
34,46108.0,9268.0,439959.0,72627.0,32574.0,0.0,103188.0,16627.0,433883.0,70771.0,30682.0,628.0,70.0,168.0
35,78293.0,15493.0,489185.0,82712.0,38431.0,0.0,156425.0,25674.0,470668.0,78990.0,34968.0,383.0,71.0,168.0
36,72668.0,6899.0,439459.0,67198.0,23898.0,1274.0,175198.0,12705.0,424014.0,66514.0,23460.0,1461.0,72.0,170.0
37,120987.0,17395.0,1079814.0,171715.0,73204.0,0.0,208857.0,24889.0,968624.0,155000.0,64032.0,1324.0,93.0,170.0
38,130318.0,18250.0,927963.0,147148.0,53979.0,656.0,292922.0,30477.0,906095.0,144872.0,50358.0,2054.0,70.0,170.0
39,134992.0,17117.0,1462602.0,230063.0,89424.0,194.0,287824.0,25867.0,1379521.0,216820.0,83374.0,1597.0,72.0,170.0
40,0.0,471.0,183159.0,26176.0,8074.0,572.0,9634.0,2006.0,168312.0,23813.0,8120.0,857.0,68.0,171.0
41,430912.0,46949.0,2649766.0,441617.0,178263.0,0.0,764507.0,72033.0,2382025.0,398240.0,163267.0,1229.0,92.0,171.0
42,59794.0,6282.0,488105.0,73882.0,26729.0,48.0,125792.0,9682.0,471369.0,70868.0,25342.0,1096.0,70.0,171.0
43,29530.0,6144.0,311837.0,44841.0,16054.0,0.0,64658.0,11127.0,309533.0,43479.0,16112.0,1228.0,70.0,171.0
44,149145.0,14967.0,980413.0,147497.0,61056.0,881.0,292638.0,21155.0,915696.0,137816.0,55431.0,1179.0,89.0,172.0
45,102246.0,11947.0,1221284.0,197671.0,66547.0,0.0,225856.0,17668.0,1128524.0,183636.0,64721.0,392.0,88.0,172.0
46,61167.0,7284.0,586541.0,89954.0,31247.0,0.0,144746.0,12272.0,579646.0,90938.0,33927.0,565.0,70.0,172.0
47,105959.0,10443.0,541701.0,77806.0,25337.0,257.0,195876.0,14250.0,502773.0,72067.0,22914.0,359.0,88.0,173.0
48,80743.0,13111.0,879222.0,138449.0,45880.0,0.0,182157.0,21343.0,838896.0,133144.0,42138.0,993.0,72.0,173.0
49,223034.0,26757.0,1388636.0,215476.0,76400.0,2251.0,427195.0,40038.0,1240532.0,192150.0,67275.0,3103.0,91.0,174.0
50,98585.0,10357.0,465413.0,72244.0,26545.0,1857.0,186761.0,15370.0,438292.0,68164.0,26920.0,1317.0,74.0,174.0
51,98220.0,10951.0,745972.0,122911.0,51645.0,0.0,211932.0,17172.0,684758.0,113522.0,49529.0,382.0,89.0,174.0
52,166885.0,21213.0,1061282.0,161325.0,62665.0,0.0,314288.0,34539.0,1020439.0,155137.0,61006.0,789.0,72.0,174.0
53,86769.0,6278.0,640084.0,93632.0,36353.0,0.0,174962.0,9058.0,621988.0,91493.0,32873.0,1595.0,72.0,174.0
54,100638.0,11016.0,789454.0,137080.0,56158.0,707.0,208538.0,20665.0,726523.0,126519.0,49926.0,615.0,88.0,174.0
55,66420.0,17654.0,885088.0,139118.0,55297.0,0.0,159038.0,26826.0,802957.0,126973.0,50780.0,489.0,74.0,174.0
56,119821.0,4386.0,712157.0,119733.0,52584.0,0.0,240984.0,7022.0,659792.0,111702.0,49483.0,1824.0,88.0,174.0
57,323551.0,33351.0,2223405.0,349933.0,132158.0,0.0,551757.0,46639.0,1890194.0,299978.0,113218.0,1445.0,193.0,175.0
58,80723.0,13336.0,618183.0,96979.0,41374.0,986.0,163338.0,20550.0,610559.0,95869.0,40445.0,1117.0,69.0,175.0
59,240611.0,35652.0,1311663.0,226087.0,106180.0,76.0,472986.0,54992.0,1225511.0,211668.0,100023.0,711.0,73.0,175.0
60,196685.0,13907.0,1050618.0,165888.0,67982.0,541.0,365199.0,19809.0,985529.0,154928.0,62744.0,972.0,73.0,176.0
61,90641.0,27214.0,1656177.0,269285.0,109959.0,1708.0,168924.0,40609.0,1280144.0,208573.0,84091.0,2530.0,204.0,176.0
62,89959.0,13380.0,717976.0,122547.0,57152.0,301.0,205439.0,20238.0,671911.0,115092.0,52992.0,1541.0,74.0,176.0
63,66263.0,6940.0,677993.0,109483.0,48704.0,0.0,137203.0,9688.0,613967.0,99571.0,43142.0,791.0,87.0,176.0
64,63260.0,8889.0,417276.0,67716.0,24312.0,0.0,130022.0,14830.0,389437.0,62987.0,24067.0,398.0,89.0,176.0
65,29536.0,11245.0,310834.0,50205.0,19456.0,580.0,76949.0,17890.0,302129.0,47472.0,19140.0,928.0,69.0,176.0
66,0.0,0.0,96597.0,14321.0,5200.0,266.0,4947.0,1657.0,94078.0,14104.0,5481.0,226.0,67.0,177.0
67,91469.0,9694.0,708394.0,114099.0,43210.0,0.0,212871.0,14854.0,645529.0,102951.0,35953.0,414.0,90.0,177.0
68,67333.0,8317.0,345317.0,56078.0,27321.0,0.0,139527.0,12457.0,325065.0,53226.0,24946.0,338.0,73.0,177.0
69,167247.0,29157.0,1608919.0,243512.0,88425.0,54.0,335753.0,44252.0,1418418.0,213858.0,74933.0,457.0,93.0,178.0
70,100799.0,4682.0,602946.0,97229.0,35564.0,269.0,199965.0,7576.0,563553.0,90704.0,31121.0,737.0,88.0,178.0
71,2826.0,0.0,188529.0,26383.0,8947.0,179.0,8186.0,1272.0,174418.0,24126.0,8331.0,400.0,69.0,178.0
72,145458.0,28907.0,842335.0,128559.0,51703.0,1295.0,300811.0,43640.0,765281.0,117799.0,44669.0,2459.0,100.0,179.0
73,95302.0,10037.0,1030346.0,166354.0,61106.0,0.0,205210.0,14744.0,946830.0,151874.0,58191.0,392.0,91.0,179.0
74,178489.0,36419.0,1394875.0,229231.0,79214.0,1466.0,357441.0,54810.0,1268418.0,210954.0,78413.0,2390.0,91.0,180.0
75,1552786.0,211293.0,14515705.0,2591020.0,1042381.0,280.0,1872810.0,249237.0,9367162.0,1764216.0,705957.0,4645.0,212.0,180.0
76,101678.0,8602.0,587374.0,97897.0,48098.0,0.0,206710.0,14058.0,539454.0,90962.0,42669.0,605.0,86.0,181.0
77,1518706.0,233551.0,11553833.0,1936598.0,746599.0,0.0,2104865.0,292374.0,7790285.0,1370884.0,521407.0,2709.0,215.0,181.0
78,133599.0,38613.0,1369881.0,215748.0,82384.0,1315.0,236010.0,51867.0,1142062.0,179477.0,66785.0,2542.0,93.0,181.0
79,228175.0,25406.0,1708406.0,266382.0,91994.0,0.0,489775.0,42637.0,1645867.0,258837.0,87754.0,1648.0,73.0,181.0
80,67891.0,8131.0,516167.0,86313.0,37292.0,417.0,146837.0,12528.0,481231.0,81486.0,34640.0,1873.0,88.0,183.0
81,73521.0,20885.0,675995.0,101718.0,40557.0,0.0,160669.0,33230.0,645866.0,97051.0,38986.0,772.0,73.0,183.0
82,130293.0,20738.0,1161052.0,177238.0,78869.0,0.0,288227.0,33512.0,1021022.0,157543.0,73913.0,987.0,93.0,183.0
83,182101.0,20790.0,1053393.0,164618.0,55481.0,281.0,346645.0,30355.0,969587.0,151065.0,51628.0,821.0,88.0,184.0
84,225813.0,26259.0,1860600.0,286709.0,113607.0,0.0,448333.0,39323.0,1666224.0,259563.0,103854.0,854.0,77.0,184.0
85,77088.0,9166.0,477639.0,82022.0,37146.0,848.0,169514.0,13252.0,468542.0,80356.0,35204.0,988.0,69.0,184.0
86,156598.0,36631.0,733356.0,114015.0,53752.0,0.0,305041.0,58007.0,690816.0,106554.0,49818.0,351.0,71.0,185.0
87,59141.0,17635.0,790922.0,116232.0,39571.0,74.0,138712.0,28914.0,772562.0,113808.0,36514.0,995.0,71.0,185.0
88,192416.0,19404.0,935552.0,153842.0,56182.0,0.0,369636.0,30541.0,906284.0,147467.0,54574.0,1647.0,72.0,185.0
89,163380.0,14443.0,1589936.0,257838.0,97931.0,366.0,328947.0,22635.0,1445192.0,234543.0,96968.0,2050.0,90.0,185.0
90,138505.0,16887.0,688080.0,116765.0,57280.0,0.0,280561.0,25533.0,618391.0,103356.0,50009.0,371.0,91.0,186.0
91,84438.0,10247.0,562610.0,92530.0,36129.0,389.0,190883.0,13212.0,502824.0,83427.0,33319.0,1418.0,90.0,187.0
92,151519.0,20353.0,1165267.0,198918.0,75424.0,776.0,295186.0,30420.0,1073751.0,183997.0,67651.0,1843.0,90.0,187.0
93,79868.0,10043.0,637796.0,97430.0,40987.0,0.0,152886.0,15642.0,634020.0,96664.0,40853.0,530.0,70.0,188.0
94,74774.0,9715.0,608896.0,96351.0,41243.0,0.0,156491.0,14555.0,588671.0,93026.0,39000.0,956.0,70.0,188.0
95,965.0,253.0,30935.0,4728.0,1500.0,0.0,9043.0,1520.0,28383.0,4628.0,1625.0,275.0,61.0,188.0
96,58535.0,9815.0,516811.0,87796.0,35155.0,0.0,135069.0,15542.0,476829.0,80360.0,34602.0,700.0,89.0,188.0
97,144740.0,19287.0,1137110.0,200224.0,81387.0,0.0,301196.0,26522.0,993459.0,176374.0,71106.0,1028.0,93.0,188.0
98,134271.0,15231.0,882244.0,136000.0,44619.0,0.0,287592.0,25416.0,843122.0,130304.0,44022.0,1010.0,72.0,189.0
99,55898.0,1675.0,261337.0,46796.0,24018.0,202.0,127361.0,4833.0,245729.0,44370.0,21424.0,325.0,74.0,189.0
100,113318.0,9055.0,536479.0,91590.0,41220.0,1079.0,242023.0,13715.0,515514.0,86095.0,36720.0,1735.0,72.0,189.0
101,191055.0,33849.0,896332.0,137379.0,47639.0,0.0,370640.0,50932.0,842235.0,128712.0,46960.0,921.0,73.0,190.0
102,104957.0,19212.0,766848.0,118857.0,43688.0,121.0,218670.0,28663.0,697782.0,109532.0,42587.0,392.0,90.0,191.0
103,218813.0,27774.0,1416059.0,223488.0,86871.0,362.0,449313.0,43726.0,1343622.0,213232.0,77896.0,852.0,71.0,191.0
104,201788.0,11134.0,820213.0,130371.0,52191.0,581.0,376027.0,17354.0,768299.0,122871.0,47993.0,1368.0,74.0,191.0
105,134133.0,19244.0,959181.0,161393.0,64697.0,0.0,263020.0,27928.0,865602.0,146360.0,55382.0,882.0,76.0,192.0
106,90291.0,19487.0,498120.0,80621.0,34588.0,261.0,197718.0,30686.0,461050.0,75204.0,33790.0,1277.0,74.0,193.0
107,147147.0,21851.0,761656.0,121828.0,46776.0,172.0,291549.0,33687.0,718830.0,115620.0,39738.0,593.0,71.0,194.0
108,149006.0,11814.0,627260.0,110560.0,50322.0,0.0,295751.0,18300.0,579087.0,102420.0,45136.0,1404.0,92.0,194.0
109,227029.0,34063.0,1220090.0,211163.0,85696.0,257.0,447523.0,53977.0,1141150.0,197013.0,84249.0,2991.0,90.0,194.0
110,95844.0,7792.0,455417.0,73765.0,29134.0,0.0,188120.0,11650.0,456186.0,73028.0,28019.0,295.0,68.0,194.0
111,78552.0,6311.0,500505.0,80665.0,36301.0,121.0,165095.0,10072.0,480672.0,78073.0,34872.0,1322.0,72.0,195.0
112,85271.0,12249.0,822721.0,139807.0,58200.0,0.0,159155.0,19275.0,716867.0,121629.0,52773.0,389.0,110.0,195.0
113,151280.0,11395.0,1076787.0,184699.0,74425.0,1310.0,316338.0,16791.0,943141.0,162939.0,66480.0,1973.0,92.0,196.0
114,183271.0,30207.0,1075729.0,190422.0,80425.0,0.0,366262.0,48429.0,985883.0,173775.0,69274.0,589.0,91.0,197.0
115,159568.0,26285.0,1505762.0,232988.0,81227.0,0.0,262665.0,34353.0,1191006.0,184316.0,63302.0,1176.0,197.0,197.0
116,46680.0,9860.0,527656.0,83973.0,26720.0,1029.0,96374.0,14972.0,517922.0,80966.0,25722.0,1259.0,69.0,197.0
117,480299.0,35056.0,2686140.0,445003.0,181028.0,1973.0,871584.0,58105.0,2474931.0,411873.0,166953.0,1849.0,91.0,197.0
118,169135.0,19917.0,1225551.0,207700.0,76977.0,1811.0,333988.0,26253.0,1147342.0,194316.0,76784.0,2307.0,74.0,198.0
119,0.0,664.0,256295.0,37517.0,13745.0,0.0,6990.0,1734.0,244731.0,36118.0,12029.0,586.0,71.0,198.0
120,1041883.0,102424.0,6587091.0,1142271.0,456029.0,3527.0,1638700.0,143662.0,5451896.0,967823.0,396490.0,3844.0,196.0,198.0
121,77913.0,6313.0,450788.0,68455.0,26063.0,729.0,157780.0,10328.0,425764.0,65624.0,24786.0,1270.0,87.0,198.0
122,0.0,145.0,151200.0,22701.0,6380.0,534.0,11010.0,2212.0,150432.0,22632.0,5955.0,754.0,68.0,198.0
123,198055.0,28883.0,1397435.0,208107.0,88306.0,0.0,361476.0,42064.0,1202980.0,179716.0,73759.0,1262.0,193.0,199.0
124,52163.0,13739.0,486729.0,80321.0,31280.0,564.0,125219.0,21907.0,465940.0,76349.0,27268.0,637.0,72.0,199.0
125,114758.0,11566.0,1034924.0,167474.0,58529.0,0.0,235297.0,17995.0,917264.0,149896.0,52180.0,425.0,91.0,200.0
126,8211.0,1067.0,168203.0,24918.0,9854.0,0.0,24094.0,3007.0,152397.0,23123.0,7877.0,250.0,91.0,200.0
127,81349.0,11973.0,715765.0,110397.0,37700.0,621.0,180245.0,20431.0,698604.0,107868.0,39249.0,708.0,70.0,200.0
128,107103.0,16506.0,884235.0,144942.0,66761.0,0.0,219254.0,22793.0,776575.0,126556.0,57698.0,1317.0,91.0,200.0
129,44802.0,5898.0,491519.0,83726.0,32577.0,767.0,99497.0,6140.0,448607.0,76742.0,28236.0,1085.0,89.0,200.0
130,0.0,2308.0,566625.0,82539.0,24942.0,318.0,9410.0,3561.0,518240.0,75704.0,23667.0,1500.0,73.0,200.0
131,30349.0,4954.0,378977.0,62789.0,23337.0,608.0,61554.0,9197.0,351854.0,57689.0,21245.0,1050.0,87.0,201.0
132,292971.0,46448.0,1977713.0,323797.0,108982.0,0.0,522006.0,65824.0,1734418.0,285196.0,94567.0,648.0,92.0,201.0
133,140049.0,11356.0,1024356.0,183085.0,77689.0,0.0,303634.0,18234.0,975211.0,173077.0,71458.0,564.0,71.0,202.0
134,82894.0,10789.0,512061.0,82769.0,31454.0,249.0,186973.0,14539.0,473739.0,77948.0,29265.0,526.0,87.0,202.0
135,3206.0,1196.0,143009.0,20483.0,7647.0,0.0,6117.0,3774.0,130824.0,18386.0,6624.0,1028.0,69.0,202.0
136,137974.0,21894.0,1448761.0,246922.0,99608.0,0.0,275259.0,30303.0,1211776.0,208175.0,78804.0,2089.0,151.0,203.0
137,1641.0,3382.0,146117.0,21717.0,9116.0,0.0,19983.0,5780.0,132399.0,19431.0,7518.0,729.0,72.0,203.0
138,189337.0,28914.0,2606651.0,416884.0,155500.0,6076.0,341768.0,41437.0,2285559.0,370110.0,136396.0,5270.0,96.0,203.0
139,93690.0,9672.0,653176.0,100561.0,43473.0,0.0,196707.0,14049.0,616369.0,95836.0,42042.0,1214.0,73.0,203.0
140,102689.0,15574.0,685398.0,110393.0,40952.0,0.0,198895.0,23002.0,612548.0,98386.0,35789.0,529.0,88.0,204.0
141,64847.0,8084.0,518248.0,87781.0,38042.0,0.0,146991.0,11692.0,482978.0,81217.0,34400.0,343.0,88.0,204.0
142,0.0,0.0,107152.0,15426.0,4213.0,376.0,4634.0,1254.0,105821.0,15426.0,4227.0,382.0,68.0,204.0
143,415413.0,57721.0,1843715.0,317959.0,126227.0,348.0,849279.0,87560.0,1707207.0,293326.0,113466.0,3025.0,74.0,204.0
144,133639.0,13468.0,1059564.0,168454.0,74210.0,0.0,270908.0,22810.0,1004141.0,160126.0,70418.0,1533.0,72.0,207.0
145,122064.0,17399.0,914612.0,163252.0,66462.0,0.0,255843.0,25200.0,857429.0,153620.0,63342.0,1286.0,74.0,207.0
146,0.0,0.0,28065.0,4323.0,1370.0,129.0,12802.0,1805.0,25930.0,3558.0,1194.0,202.0,62.0,208.0
147,156812.0,8964.0,832852.0,143651.0,52391.0,0.0,289458.0,13332.0,741009.0,128624.0,46693.0,386.0,88.0,208.0
148,157237.0,8430.0,869095.0,145107.0,56517.0,307.0,325437.0,13545.0,819318.0,138282.0,54256.0,1165.0,88.0,208.0
149,93007.0,15755.0,981032.0,154764.0,59547.0,0.0,186719.0,23483.0,938451.0,147780.0,55992.0,1340.0,70.0,209.0
150,132193.0,17021.0,919252.0,141266.0,54901.0,712.0,273505.0,25693.0,848055.0,129859.0,49686.0,1574.0,90.0,209.0
151,81446.0,4889.0,265734.0,48755.0,25169.0,19.0,163181.0,7113.0,257798.0,47469.0,24825.0,1065.0,71.0,209.0
152,112508.0,16188.0,693883.0,106586.0,47056.0,1680.0,234125.0,23562.0,650038.0,99517.0,43081.0,2053.0,72.0,209.0
153,113320.0,11307.0,808663.0,127565.0,54059.0,0.0,229964.0,16745.0,765728.0,121233.0,53013.0,208.0,71.0,209.0
154,33128.0,6331.0,470483.0,70687.0,24254.0,0.0,86278.0,10062.0,469665.0,70565.0,23037.0,275.0,68.0,209.0
155,88705.0,9086.0,676470.0,102698.0,40903.0,560.0,178608.0,17332.0,662330.0,99829.0,40443.0,1462.0,71.0,210.0
156,38382.0,8494.0,539392.0,83414.0,27812.0,1511.0,93120.0,12427.0,514660.0,79969.0,26228.0,780.0,70.0,210.0
157,151682.0,16382.0,709934.0,130478.0,49442.0,296.0,325454.0,23092.0,694015.0,127799.0,45870.0,1381.0,74.0,210.0
158,113012.0,13933.0,571472.0,89664.0,39905.0,0.0,225449.0,19866.0,505979.0,79231.0,34670.0,752.0,77.0,210.0
159,43201.0,9196.0,522603.0,77131.0,24316.0,0.0,104309.0,16205.0,491088.0,72697.0,23022.0,121.0,72.0,211.0
160,0.0,0.0,24798.0,4151.0,853.0,295.0,5126.0,1771.0,23717.0,3513.0,861.0,462.0,57.0,211.0
161,71174.0,10567.0,564057.0,95156.0,34315.0,1233.0,174386.0,16791.0,555302.0,93441.0,31344.0,1734.0,70.0,211.0
162,38368.0,12747.0,405291.0,61526.0,25282.0,662.0,86671.0,20444.0,396854.0,59769.0,22654.0,1056.0,71.0,211.0
163,188884.0,17207.0,1052918.0,172040.0,65794.0,0.0,378448.0,25475.0,984503.0,160503.0,61144.0,1040.0,91.0,212.0
164,37637.0,5955.0,399152.0,60428.0,21630.0,0.0,84247.0,9557.0,386053.0,58228.0,23023.0,362.0,72.0,212.0
165,88419.0,14007.0,634161.0,104814.0,39996.0,0.0,178499.0,20976.0,578368.0,95045.0,38031.0,975.0,88.0,212.0
166,262320.0,18763.0,912673.0,143308.0,54481.0,59.0,488977.0,27728.0,859585.0,133230.0,51339.0,1063.0,72.0,213.0
167,178811.0,20790.0,1140159.0,176764.0,68826.0,231.0,350068.0,33407.0,1097567.0,170907.0,64619.0,1662.0,71.0,213.0
168,6292.0,1585.0,202316.0,29365.0,9247.0,456.0,16272.0,3061.0,191858.0,27744.0,9856.0,986.0,71.0,213.0
169,4267.0,1369.0,206809.0,31785.0,9728.0,31.0,13877.0,2631.0,197984.0,29346.0,9030.0,300.0,71.0,214.0
170,144645.0,24124.0,1645493.0,242828.0,90962.0,0.0,261325.0,37267.0,1425200.0,209524.0,77859.0,884.0,151.0,214.0
171,240323.0,25577.0,2462415.0,393295.0,139173.0,2776.0,390957.0,38202.0,2018974.0,322620.0,112122.0,2235.0,196.0,215.0
172,168460.0,32401.0,982951.0,163463.0,63333.0,0.0,358512.0,50730.0,924016.0,154746.0,61692.0,1368.0,74.0,215.0
173,94614.0,11241.0,582707.0,94657.0,34386.0,0.0,215116.0,19057.0,528486.0,87170.0,31681.0,2053.0,91.0,216.0
174,218371.0,18839.0,1314613.0,211946.0,92353.0,736.0,406621.0,25398.0,1160762.0,189839.0,80111.0,3326.0,149.0,216.0
175,0.0,654.0,160011.0,24442.0,6624.0,409.0,5808.0,2372.0,146418.0,22738.0,6146.0,579.0,71.0,216.0
176,294363.0,31578.0,1765002.0,298732.0,127568.0,2659.0,513983.0,44347.0,1574020.0,265563.0,109718.0,3017.0,92.0,217.0
177,179842.0,23492.0,1002093.0,155230.0,66224.0,0.0,362762.0,35826.0,953540.0,148246.0,63618.0,1398.0,73.0,218.0
178,1601904.0,183347.0,11763788.0,2169118.0,923299.0,1201.0,2316465.0,253380.0,8862711.0,1707953.0,733467.0,5415.0,217.0,218.0
179,63063.0,11601.0,639075.0,111203.0,46041.0,0.0,132432.0,18819.0,599143.0,104028.0,43561.0,869.0,75.0,218.0
180,95013.0,14825.0,693755.0,109725.0,52234.0,112.0,202767.0,20855.0,619973.0,98626.0,48511.0,424.0,89.0,219.0
181,176892.0,24619.0,113201.0,20983.0,16450.0,19.0,283306.0,30374.0,89892.0,16693.0,14245.0,724.0,80.0,219.0
182,154182.0,9787.0,666130.0,107417.0,39206.0,240.0,324536.0,15761.0,608970.0,97908.0,34045.0,1182.0,88.0,219.0
183,120522.0,20647.0,1252654.0,180572.0,68975.0,275.0,256285.0,30496.0,1147648.0,166772.0,63461.0,1372.0,89.0,219.0
184,30972.0,7100.0,425492.0,74552.0,30179.0,374.0,70149.0,12077.0,399767.0,69657.0,29777.0,574.0,73.0,220.0
185,197764.0,24433.0,1620802.0,240506.0,89868.0,369.0,339779.0,34217.0,1357133.0,201141.0,77790.0,923.0,135.0,220.0
186,286827.0,25407.0,1441006.0,245052.0,105760.0,1925.0,538381.0,37448.0,1369820.0,232275.0,100280.0,2399.0,73.0,220.0
187,186410.0,16849.0,1093426.0,176771.0,70614.0,1179.0,360977.0,26621.0,1026725.0,167631.0,64266.0,2130.0,73.0,220.0
188,235395.0,15143.0,1110607.0,183860.0,79234.0,1184.0,468693.0,21499.0,1030985.0,170996.0,77731.0,2340.0,89.0,220.0
189,195798.0,33142.0,1027292.0,167068.0,73672.0,0.0,394846.0,53736.0,977060.0,158256.0,69405.0,1373.0,74.0,220.0
190,248029.0,24495.0,999132.0,173940.0,73391.0,251.0,497505.0,36996.0,937028.0,163140.0,66475.0,1383.0,73.0,221.0
191,212248.0,33154.0,1936966.0,324527.0,142870.0,1726.0,365303.0,44803.0,1602134.0,269970.0,120732.0,1866.0,191.0,221.0
192,164254.0,11698.0,955166.0,163699.0,79426.0,1613.0,317508.0,16875.0,915882.0,155174.0,71511.0,2032.0,70.0,221.0
193,187641.0,28168.0,824504.0,139607.0,59195.0,353.0,372612.0,40489.0,731368.0,124967.0,54440.0,1462.0,90.0,221.0
194,127921.0,10043.0,802891.0,135950.0,54998.0,2531.0,269518.0,15870.0,766365.0,129079.0,51746.0,2660.0,73.0,222.0
195,67195.0,6933.0,619874.0,96769.0,36511.0,650.0,142801.0,11922.0,571469.0,88877.0,35612.0,1770.0,73.0,222.0
196,105699.0,8033.0,627916.0,111293.0,43576.0,0.0,222786.0,12714.0,582314.0,104235.0,39267.0,291.0,87.0,223.0
197,242953.0,45089.0,1682459.0,258696.0,90756.0,0.0,497981.0,67635.0,1531439.0,235843.0,84935.0,3046.0,91.0,223.0
198,205168.0,29059.0,1519861.0,224734.0,73927.0,488.0,378645.0,43407.0,1354745.0,199605.0,63413.0,2021.0,90.0,224.0
199,87842.0,11284.0,596782.0,100292.0,41136.0,540.0,171648.0,14825.0,528880.0,89229.0,35566.0,844.0,91.0,224.0
200,128126.0,15654.0,572162.0,89469.0,32994.0,0.0,240846.0,22963.0,519346.0,81627.0,31055.0,451.0,87.0,224.0
201,8550.0,708.0,42244.0,6963.0,1980.0,299.0,22135.0,3952.0,40388.0,6514.0,1585.0,812.0,64.0,225.0
202,107260.0,11904.0,698101.0,103784.0,42768.0,834.0,236335.0,17946.0,632356.0,93427.0,36881.0,1343.0,90.0,225.0
203,53097.0,7459.0,210338.0,32425.0,13347.0,0.0,111387.0,11474.0,202057.0,31488.0,11944.0,377.0,73.0,225.0
204,1733845.0,270857.0,16561974.0,3008995.0,1165358.0,0.0,2105681.0,314991.0,10502018.0,2029829.0,785468.0,5652.0,212.0,226.0
205,150728.0,12252.0,1204514.0,181310.0,67055.0,0.0,321938.0,19930.0,1083442.0,161571.0,60733.0,824.0,89.0,227.0
206,0.0,0.0,239113.0,33022.0,9455.0,0.0,8714.0,1727.0,149559.0,21031.0,5580.0,203.0,134.0,227.0
207,71001.0,7979.0,472460.0,76287.0,29947.0,1368.0,161228.0,12550.0,446213.0,71520.0,28557.0,1626.0,72.0,227.0
208,132789.0,39615.0,1693314.0,272321.0,112419.0,426.0,213462.0,50307.0,1312529.0,211333.0,85878.0,2237.0,212.0,227.0
209,114367.0,38012.0,1574629.0,251637.0,110236.0,0.0,203763.0,56331.0,1217557.0,197987.0,86714.0,2774.0,203.0,227.0
210,198468.0,26743.0,1477269.0,249091.0,102829.0,0.0,344003.0,36797.0,1229985.0,206919.0,85868.0,884.0,151.0,228.0
211,262242.0,49476.0,1795225.0,291850.0,99317.0,444.0,493957.0,75357.0,1629719.0,265221.0,89738.0,1970.0,91.0,228.0
212,64705.0,10231.0,671941.0,112093.0,40847.0,383.0,142827.0,14131.0,649409.0,108618.0,41385.0,905.0,75.0,228.0
213,48752.0,9473.0,436445.0,72154.0,28874.0,0.0,102811.0,14037.0,422916.0,69869.0,25576.0,1140.0,70.0,228.0
214,127818.0,25626.0,1256043.0,179893.0,62851.0,1316.0,264484.0,39767.0,1149050.0,163309.0,57319.0,1728.0,90.0,229.0
215,88570.0,8304.0,559982.0,90698.0,30482.0,417.0,181115.0,15126.0,525243.0,83729.0,27305.0,675.0,74.0,229.0
216,2180.0,1142.0,21917.0,3338.0,776.0,38.0,15493.0,3727.0,20379.0,2947.0,1095.0,99.0,49.0,230.0
217,0.0,1952.0,190922.0,28522.0,7142.0,435.0,11608.0,3946.0,143641.0,21042.0,5558.0,644.0,109.0,230.0
218,137429.0,28643.0,1150275.0,199623.0,68806.0,188.0,260509.0,47247.0,1004644.0,174617.0,62656.0,2088.0,113.0,231.0
219,223027.0,25858.0,1074515.0,176921.0,71255.0,1586.0,392356.0,38504.0,962529.0,158152.0,62834.0,990.0,89.0,231.0
220,35709.0,5911.0,249703.0,40035.0,16160.0,162.0,81853.0,11387.0,241991.0,38688.0,15701.0,398.0,72.0,232.0
221,162244.0,13507.0,820319.0,129352.0,51749.0,1779.0,346654.0,24921.0,752664.0,118481.0,45271.0,1875.0,88.0,232.0
222,91210.0,6975.0,460588.0,74321.0,28259.0,1003.0,186751.0,12988.0,457200.0,73628.0,27862.0,2173.0,71.0,232.0
223,181419.0,25773.0,1078368.0,171045.0,71339.0,0.0,348094.0,39341.0,1041258.0,164270.0,68862.0,1410.0,71.0,232.0
224,21301.0,12477.0,350497.0,50908.0,15209.0,997.0,49268.0,21277.0,346342.0,49927.0,16090.0,1168.0,70.0,233.0
225,1154.0,269.0,100036.0,15983.0,4471.0,162.0,12582.0,1802.0,99241.0,16165.0,4416.0,297.0,67.0,233.0
226,262042.0,43656.0,1746863.0,270025.0,106590.0,0.0,457680.0,68162.0,1517450.0,236277.0,93490.0,572.0,136.0,234.0
227,60769.0,4918.0,541511.0,76974.0,26407.0,674.0,129014.0,8133.0,499762.0,71536.0,25255.0,1044.0,87.0,235.0
228,117338.0,16599.0,1059281.0,173077.0,69962.0,217.0,239709.0,26127.0,920106.0,148936.0,58032.0,1942.0,91.0,235.0
229,73961.0,5345.0,434853.0,69681.0,25282.0,797.0,143410.0,7402.0,400400.0,65033.0,22068.0,878.0,87.0,236.0
230,97364.0,14275.0,776796.0,123168.0,51958.0,0.0,217175.0,24705.0,747562.0,119728.0,49403.0,1360.0,72.0,236.0
231,110738.0,19022.0,1006122.0,157968.0,60241.0,875.0,229066.0,28309.0,908191.0,142883.0,54549.0,1109.0,90.0,236.0
232,184234.0,33165.0,2033323.0,309648.0,119249.0,1023.0,339867.0,49614.0,1686598.0,259323.0,95747.0,1543.0,195.0,237.0
233,149899.0,17635.0,1006893.0,150961.0,54677.0,832.0,297579.0,25913.0,943802.0,141446.0,52863.0,1212.0,90.0,237.0
234,238611.0,16862.0,1164054.0,189487.0,72274.0,3638.0,448084.0,27687.0,1098937.0,180006.0,69499.0,4843.0,73.0,237.0
235,243704.0,24772.0,812176.0,125279.0,67012.0,980.0,445306.0,36805.0,762475.0,115842.0,60358.0,812.0,88.0,238.0
236,177419.0,29374.0,787420.0,130709.0,51522.0,0.0,379622.0,44889.0,703535.0,115139.0,45719.0,1802.0,91.0,238.0
237,150177.0,30881.0,1107553.0,186303.0,74448.0,0.0,304314.0,46276.0,989432.0,166280.0,64415.0,184.0,91.0,238.0
238,141002.0,36502.0,2176264.0,355166.0,146236.0,1403.0,229839.0,51654.0,1711777.0,280804.0,113894.0,4612.0,198.0,238.0
239,141861.0,11356.0,1056102.0,166640.0,63040.0,2260.0,283015.0,16851.0,965867.0,152894.0,55247.0,2683.0,89.0,239.0
240,177203.0,26826.0,1311385.0,212846.0,97595.0,1061.0,349014.0,37800.0,1129698.0,184163.0,85521.0,2450.0,93.0,239.0
241,118968.0,24075.0,563558.0,87954.0,36797.0,0.0,262875.0,38715.0,522034.0,82065.0,34577.0,564.0,74.0,239.0
242,156750.0,15101.0,634884.0,95427.0,35684.0,0.0,321832.0,23514.0,600310.0,90044.0,31747.0,295.0,87.0,240.0
243,70399.0,13770.0,503284.0,79458.0,36615.0,0.0,150952.0,20999.0,453216.0,72381.0,31854.0,560.0,87.0,240.0
244,143459.0,12152.0,928954.0,148405.0,54461.0,0.0,309707.0,18544.0,878358.0,141952.0,51256.0,851.0,74.0,240.0
245,76189.0,18328.0,757058.0,118465.0,43721.0,0.0,156063.0,27209.0,657089.0,103304.0,38923.0,776.0,93.0,240.0
246,144534.0,17106.0,1392917.0,231320.0,84689.0,0.0,288522.0,25681.0,1300303.0,215288.0,79866.0,635.0,75.0,241.0
247,71187.0,9633.0,987305.0,161333.0,67735.0,1705.0,176906.0,12972.0,882844.0,144965.0,63715.0,1087.0,90.0,241.0
248,159117.0,16201.0,1166529.0,189871.0,89713.0,0.0,320820.0,25333.0,1076535.0,176869.0,83432.0,569.0,90.0,241.0
249,229527.0,31263.0,1041343.0,153525.0,66963.0,519.0,469394.0,48058.0,979595.0,146063.0,62697.0,1664.0,74.0,242.0
250,70813.0,7101.0,382823.0,61519.0,23861.0,0.0,147345.0,12028.0,355469.0,57049.0,22586.0,692.0,74.0,242.0
251,133474.0,22906.0,970600.0,153805.0,60738.0,2018.0,257324.0,33427.0,847557.0,134255.0,49997.0,1544.0,91.0,242.0
252,4963.0,1033.0,28402.0,4635.0,1654.0,424.0,8612.0,2404.0,25845.0,4309.0,2092.0,568.0,63.0,243.0
253,194890.0,22124.0,1681551.0,268137.0,93607.0,1708.0,378729.0,34141.0,1518115.0,244377.0,82132.0,3336.0,91.0,243.0
254,0.0,0.0,24609.0,3425.0,1879.0,0.0,5185.0,2531.0,20870.0,2872.0,1403.0,132.0,71.0,244.0
255,152130.0,15432.0,1072812.0,170567.0,64224.0,1758.0,302889.0,25057.0,981330.0,156901.0,59609.0,1269.0,88.0,244.0
256,108607.0,9717.0,589478.0,99106.0,39669.0,1691.0,229362.0,14899.0,556680.0,94196.0,39927.0,1675.0,71.0,244.0
257,2761.0,2132.0,159655.0,22593.0,6021.0,601.0,14898.0,4015.0,118677.0,16360.0,4998.0,1280.0,136.0,244.0
258,128635.0,17151.0,660923.0,108526.0,51262.0,0.0,262797.0,29154.0,620488.0,101819.0,49516.0,494.0,74.0,244.0
259,98889.0,18018.0,750425.0,105792.0,36077.0,922.0,215914.0,29310.0,727580.0,102671.0,35511.0,1033.0,72.0,244.0
260,119986.0,10910.0,906334.0,157296.0,75825.0,1700.0,250270.0,15215.0,807794.0,139792.0,63856.0,2135.0,90.0,245.0
261,47202.0,7542.0,950596.0,148453.0,53701.0,0.0,97110.0,11298.0,820142.0,128358.0,49034.0,783.0,113.0,245.0
262,167367.0,11684.0,739532.0,112114.0,50085.0,710.0,337855.0,18974.0,679363.0,103912.0,46755.0,1442.0,75.0,246.0
263,155928.0,10492.0,648593.0,108812.0,51162.0,686.0,311157.0,15606.0,588462.0,98043.0,43596.0,658.0,87.0,246.0
264,173545.0,10864.0,799971.0,133338.0,65521.0,0.0,327881.0,15163.0,755018.0,126042.0,61516.0,768.0,72.0,247.0
265,72632.0,9560.0,406191.0,59983.0,25937.0,0.0,156279.0,15462.0,359797.0,53496.0,24274.0,960.0,86.0,247.0
266,58912.0,6618.0,614688.0,97143.0,34234.0,0.0,127066.0,10967.0,590150.0,93754.0,31287.0,702.0,70.0,248.0
267,290870.0,27543.0,2091829.0,324903.0,137533.0,270.0,529224.0,41447.0,1751085.0,273649.0,114944.0,802.0,150.0,248.0
268,119181.0,8837.0,922381.0,149753.0,65125.0,1114.0,274303.0,16527.0,862345.0,141820.0,57310.0,2398.0,89.0,249.0
269,245119.0,41049.0,1755651.0,306782.0,112098.0,214.0,463206.0,60023.0,1581368.0,279343.0,100071.0,2192.0,94.0,249.0
270,42936.0,7191.0,455363.0,67316.0,24536.0,0.0,98473.0,12332.0,430339.0,63753.0,25479.0,345.0,70.0,249.0
271,60530.0,9988.0,675225.0,111243.0,45385.0,1348.0,118162.0,15389.0,627582.0,103557.0,40441.0,1593.0,87.0,250.0
272,1470.0,0.0,139134.0,21700.0,5890.0,0.0,5552.0,1944.0,131857.0,20899.0,4159.0,273.0,73.0,250.0
273,95824.0,24824.0,1116197.0,170166.0,69510.0,2085.0,179019.0,34466.0,968889.0,148888.0,61927.0,2415.0,91.0,250.0
274,123955.0,9268.0,955602.0,141061.0,50349.0,878.0,259135.0,13701.0,840941.0,125126.0,42032.0,864.0,93.0,250.0
275,201148.0,24116.0,928054.0,155224.0,66732.0,62.0,394215.0,40168.0,861161.0,144263.0,65850.0,1735.0,90.0,250.0
276,51855.0,11374.0,513357.0,81449.0,33791.0,855.0,120481.0,18215.0,479384.0,75506.0,33311.0,1010.0,87.0,250.0
277,3003.0,1021.0,21595.0,3524.0,1376.0,637.0,10263.0,2470.0,19865.0,2974.0,1019.0,488.0,65.0,250.0
278,540.0,620.0,48268.0,6465.0,1562.0,590.0,10767.0,2596.0,44841.0,5797.0,1276.0,570.0,68.0,251.0
279,48757.0,5875.0,465065.0,71883.0,28567.0,245.0,99775.0,11100.0,431459.0,66647.0,27326.0,740.0,71.0,251.0
280,36180.0,9359.0,505576.0,73463.0,24523.0,1906.0,102526.0,16059.0,480006.0,70341.0,21840.0,2110.0,70.0,251.0
281,416837.0,64870.0,4737998.0,760780.0,309215.0,0.0,542038.0,75340.0,3092037.0,503791.0,202588.0,1852.0,214.0,251.0
282,12.0,0.0,219163.0,31814.0,7997.0,272.0,7833.0,1713.0,202336.0,29169.0,6462.0,240.0,68.0,251.0
283,236830.0,55273.0,2303893.0,382926.0,145870.0,0.0,461422.0,81636.0,2041699.0,342464.0,131591.0,492.0,94.0,252.0
284,73050.0,17262.0,640459.0,107600.0,36189.0,0.0,160309.0,29558.0,625384.0,105369.0,36743.0,515.0,71.0,252.0
285,150903.0,21528.0,913669.0,139757.0,55365.0,1606.0,287347.0,34662.0,830593.0,127612.0,50659.0,1641.0,89.0,252.0
286,62936.0,12978.0,409625.0,66884.0,32758.0,535.0,130532.0,22420.0,393468.0,64599.0,30362.0,1175.0,72.0,252.0
287,129577.0,9597.0,833129.0,134089.0,57582.0,1889.0,265276.0,14232.0,770502.0,122912.0,51413.0,2876.0,90.0,253.0
288,412.0,1379.0,284519.0,43303.0,16100.0,392.0,13455.0,2477.0,264874.0,40554.0,15330.0,784.0,84.0,253.0
289,0.0,0.0,166559.0,25865.0,8557.0,0.0,11295.0,1382.0,160681.0,25127.0,8650.0,178.0,69.0,254.0
290,137583.0,13888.0,1345409.0,202297.0,71731.0,0.0,255541.0,19357.0,1177643.0,178166.0,65522.0,542.0,92.0,255.0
291,777.0,0.0,218316.0,31230.0,9869.0,0.0,10660.0,2089.0,204915.0,29768.0,9597.0,317.0,73.0,255.0
292,129351.0,22648.0,920854.0,146905.0,53045.0,293.0,278463.0,36053.0,847162.0,136714.0,49862.0,1196.0,89.0,255.0
293,125950.0,12320.0,674614.0,102830.0,33648.0,0.0,264976.0,18516.0,642227.0,97520.0,32801.0,1304.0,72.0,255.0
294,308225.0,36891.0,3121790.0,510653.0,179855.0,2872.0,516263.0,54306.0,2554352.0,425166.0,148341.0,2015.0,195.0,256.0
295,160864.0,22327.0,1133323.0,184722.0,77143.0,1185.0,308270.0,34866.0,1000080.0,162340.0,70081.0,3057.0,113.0,256.0
296,99755.0,15488.0,1088760.0,178677.0,63387.0,0.0,197785.0,20823.0,939955.0,154161.0,53200.0,1172.0,135.0,256.0
297,238271.0,18159.0,1306859.0,191198.0,72656.0,0.0,475389.0,29476.0,1157705.0,169812.0,64953.0,1407.0,92.0,256.0
298,294391.0,20395.0,1256838.0,210240.0,78720.0,0.0,590301.0,33998.0,1189212.0,200225.0,70885.0,489.0,74.0,257.0
299,70372.0,10624.0,589943.0,98710.0,38159.0,0.0,152774.0,16542.0,560044.0,94746.0,34245.0,1227.0,72.0,257.0
300,202487.0,24106.0,1428041.0,229016.0,91664.0,3346.0,376316.0,33781.0,1262915.0,202306.0,83837.0,3129.0,89.0,257.0
301,59409.0,5410.0,557071.0,93390.0,39129.0,391.0,139718.0,11836.0,508376.0,85751.0,35931.0,1944.0,88.0,258.0
302,110913.0,11757.0,598481.0,99992.0,39867.0,0.0,208316.0,18931.0,543033.0,91375.0,36191.0,1196.0,87.0,258.0
303,42834.0,10040.0,456916.0,65685.0,19608.0,680.0,100827.0,17328.0,454997.0,65041.0,19688.0,842.0,69.0,258.0
304,100157.0,22594.0,1294256.0,199147.0,66598.0,86.0,163487.0,31470.0,1055058.0,161248.0,56951.0,1729.0,191.0,258.0
305,156473.0,15964.0,1029480.0,180670.0,84227.0,1195.0,325715.0,24461.0,992900.0,173012.0,80572.0,1042.0,74.0,258.0
306,90346.0,8758.0,508369.0,83722.0,38131.0,1029.0,183325.0,14448.0,485909.0,80202.0,36699.0,1888.0,72.0,259.0
307,148660.0,17925.0,971103.0,151877.0,57573.0,412.0,302922.0,31458.0,856412.0,134987.0,51541.0,953.0,92.0,259.0
308,137969.0,25992.0,1086944.0,167146.0,66583.0,181.0,254144.0,37144.0,894854.0,136825.0,53773.0,732.0,150.0,260.0
309,293419.0,27745.0,1633404.0,260618.0,109478.0,1735.0,543601.0,39315.0,1437876.0,230368.0,97401.0,2661.0,94.0,260.0
310,207201.0,27067.0,1783415.0,290553.0,121067.0,0.0,406062.0,43667.0,1607576.0,263696.0,112624.0,1374.0,92.0,261.0
311,168950.0,21043.0,1184272.0,199745.0,80942.0,0.0,331672.0,29264.0,1029212.0,174611.0,73823.0,599.0,92.0,261.0
312,3476.0,331.0,77920.0,11147.0,4324.0,0.0,8977.0,2205.0,71987.0,10003.0,4050.0,228.0,66.0,262.0
313,76698.0,10515.0,640464.0,100430.0,42440.0,16.0,159877.0,17625.0,599777.0,92504.0,41751.0,1105.0,74.0,262.0
314,101711.0,11929.0,1267494.0,191590.0,73348.0,57.0,202216.0,18151.0,1115519.0,168338.0,67058.0,1731.0,90.0,262.0
315,3368.0,2184.0,156888.0,23526.0,6748.0,499.0,11627.0,2654.0,150784.0,21941.0,6252.0,679.0,69.0,263.0
316,89033.0,5380.0,690992.0,103614.0,38369.0,0.0,181696.0,8343.0,644465.0,97355.0,37216.0,901.0,92.0,263.0
317,3627.0,1526.0,104156.0,16428.0,4001.0,0.0,9872.0,2547.0,102565.0,15541.0,4344.0,385.0,69.0,263.0
318,4572.0,979.0,115073.0,16724.0,5930.0,957.0,13050.0,1849.0,109680.0,15677.0,4799.0,762.0,70.0,263.0
319,191754.0,22963.0,1248284.0,202793.0,80308.0,2061.0,362629.0,34126.0,1124909.0,184150.0,71453.0,2038.0,89.0,264.0
320,6144.0,1817.0,176820.0,26538.0,8235.0,1193.0,14138.0,4657.0,167907.0,25641.0,6855.0,1264.0,69.0,264.0
321,0.0,646.0,33950.0,4465.0,1640.0,219.0,10122.0,2283.0,30806.0,4013.0,1464.0,352.0,68.0,264.0
322,101868.0,12174.0,735306.0,114578.0,48102.0,1464.0,207038.0,17026.0,688689.0,107848.0,44626.0,1376.0,73.0,264.0
323,0.0,0.0,24784.0,3772.0,871.0,397.0,7231.0,670.0,24243.0,3575.0,693.0,427.0,63.0,264.0
324,171767.0,37132.0,1072269.0,174299.0,69920.0,1236.0,336825.0,53827.0,977968.0,157706.0,63618.0,1288.0,89.0,265.0
325,37711.0,6176.0,401222.0,61893.0,23043.0,0.0,95720.0,9353.0,385620.0,58169.0,22469.0,802.0,69.0,266.0
326,125741.0,11112.0,629333.0,92078.0,35081.0,293.0,247658.0,17644.0,584744.0,87426.0,28595.0,511.0,90.0,266.0
327,42391.0,7878.0,518503.0,78824.0,29984.0,0.0,87563.0,11762.0,474067.0,71922.0,27436.0,1370.0,86.0,266.0
328,180473.0,26145.0,1806240.0,283461.0,109873.0,0.0,324936.0,37248.0,1528198.0,239242.0,91523.0,1382.0,150.0,267.0
329,181274.0,14195.0,1055120.0,162439.0,70457.0,819.0,362164.0,20484.0,971262.0,149819.0,65149.0,1335.0,75.0,267.0
330,249139.0,26196.0,1959137.0,312481.0,119655.0,0.0,434146.0,38690.0,1674818.0,269201.0,103469.0,1845.0,136.0,267.0
331,151197.0,23175.0,1081500.0,182730.0,72839.0,899.0,316565.0,36950.0,1048706.0,178638.0,70068.0,2134.0,72.0,268.0
332,62034.0,18013.0,457932.0,72502.0,26814.0,1152.0,137396.0,30384.0,430476.0,67348.0,24513.0,2682.0,72.0,268.0
333,76712.0,8964.0,609717.0,101770.0,43767.0,0.0,200030.0,13705.0,578691.0,95386.0,42829.0,529.0,70.0,269.0
334,196397.0,32055.0,1292145.0,219741.0,91707.0,344.0,385298.0,47343.0,1138026.0,194704.0,84356.0,1176.0,90.0,269.0
335,213843.0,24330.0,1268593.0,192173.0,70083.0,0.0,440899.0,36993.0,1185741.0,180587.0,68128.0,2782.0,75.0,270.0
336,114557.0,13566.0,1038964.0,160123.0,65222.0,721.0,251355.0,21635.0,972140.0,150089.0,65157.0,769.0,74.0,271.0
337,55328.0,7870.0,423150.0,64304.0,23824.0,0.0,115204.0,10439.0,385128.0,57695.0,22366.0,299.0,87.0,271.0
338,0.0,0.0,45025.0,6682.0,1212.0,319.0,3763.0,926.0,30835.0,4688.0,999.0,149.0,74.0,271.0
339,179308.0,25672.0,1068746.0,171969.0,78979.0,362.0,389831.0,38882.0,1002405.0,161314.0,71679.0,1937.0,74.0,272.0
340,97031.0,17383.0,552705.0,91504.0,42336.0,2321.0,220669.0,28850.0,528598.0,87679.0,38171.0,4080.0,72.0,272.0
341,35802.0,10822.0,454140.0,64301.0,22757.0,767.0,90768.0,16629.0,444280.0,62470.0,22407.0,1005.0,71.0,272.0
342,3699.0,687.0,70926.0,9650.0,3032.0,234.0,13405.0,2085.0,64457.0,8712.0,2798.0,278.0,70.0,272.0
343,323114.0,91216.0,3506957.0,612406.0,236387.0,0.0,436086.0,106985.0,1987653.0,352838.0,135876.0,589.0,212.0,272.0
344,87548.0,6273.0,409945.0,69656.0,30080.0,0.0,163708.0,8801.0,382773.0,64962.0,27460.0,376.0,87.0,272.0
345,184097.0,36700.0,1137474.0,182924.0,77117.0,0.0,332457.0,57821.0,1035386.0,167337.0,69620.0,1692.0,73.0,273.0
346,1708.0,2107.0,24064.0,3613.0,1526.0,287.0,5791.0,2988.0,22305.0,3239.0,875.0,325.0,66.0,274.0
347,121499.0,11480.0,1081903.0,172761.0,71697.0,172.0,237703.0,18881.0,938520.0,149221.0,60973.0,1231.0,91.0,274.0
348,224103.0,41395.0,1934318.0,319706.0,139959.0,0.0,403869.0,64810.0,1510035.0,251332.0,106501.0,2391.0,208.0,274.0
349,68334.0,13836.0,725504.0,115082.0,47832.0,0.0,143676.0,21665.0,652186.0,102935.0,42620.0,471.0,90.0,275.0
350,114353.0,14420.0,901288.0,146146.0,62592.0,0.0,218281.0,23000.0,799245.0,129815.0,57436.0,1631.0,91.0,276.0
351,141366.0,7686.0,806218.0,121940.0,51481.0,0.0,273873.0,13774.0,729697.0,110900.0,46211.0,369.0,89.0,277.0
352,408285.0,40992.0,2815800.0,464259.0,159810.0,0.0,598578.0,43419.0,1851422.0,308977.0,107057.0,1671.0,151.0,277.0
353,33257.0,6162.0,272004.0,44594.0,17759.0,0.0,73829.0,7515.0,248071.0,41154.0,17386.0,834.0,86.0,277.0
354,178643.0,28902.0,2187126.0,370790.0,153239.0,0.0,287443.0,36406.0,1849668.0,316773.0,127325.0,2509.0,152.0,277.0
355,50849.0,4801.0,440065.0,72899.0,28040.0,895.0,110988.0,7237.0,377822.0,64364.0,26759.0,2392.0,88.0,278.0
356,84549.0,10089.0,799255.0,122258.0,42023.0,70.0,193445.0,16142.0,779628.0,119751.0,40557.0,889.0,72.0,278.0
357,0.0,2608.0,153897.0,20283.0,6120.0,0.0,11644.0,3527.0,114229.0,15151.0,5387.0,125.0,103.0,278.0
358,56812.0,5204.0,531993.0,85952.0,32669.0,998.0,141003.0,9906.0,527817.0,85099.0,29348.0,1871.0,72.0,278.0
359,117344.0,10048.0,795051.0,134492.0,48908.0,1659.0,226871.0,16675.0,739852.0,126076.0,45860.0,1021.0,74.0,278.0
360,41193.0,11171.0,497212.0,84407.0,31793.0,225.0,100844.0,18187.0,467361.0,79423.0,27775.0,1052.0,74.0,279.0
361,168352.0,14361.0,972529.0,148286.0,62552.0,0.0,314523.0,20114.0,928386.0,141392.0,58852.0,838.0,72.0,279.0
362,125014.0,13989.0,1009979.0,164298.0,59733.0,0.0,245553.0,20409.0,924984.0,149093.0,52557.0,1515.0,88.0,280.0
363,50926.0,4404.0,523424.0,75245.0,23890.0,404.0,108510.0,7496.0,512160.0,73875.0,22991.0,305.0,69.0,280.0
364,1165.0,1371.0,50427.0,6946.0,2212.0,523.0,13989.0,2125.0,37385.0,5462.0,1731.0,503.0,76.0,280.0
365,110713.0,14097.0,458984.0,66095.0,21905.0,376.0,219644.0,24241.0,466030.0,65409.0,21754.0,889.0,68.0,280.0
366,266987.0,49628.0,2060799.0,351524.0,135503.0,5640.0,479219.0,74692.0,1857160.0,318472.0,121906.0,5752.0,92.0,280.0
367,101776.0,5663.0,629857.0,106309.0,41541.0,0.0,199020.0,6287.0,596354.0,99533.0,38133.0,640.0,71.0,280.0
368,222762.0,21541.0,1971799.0,331209.0,142524.0,0.0,348930.0,27131.0,1556147.0,263840.0,114953.0,810.0,202.0,281.0
369,55722.0,7628.0,402011.0,61723.0,26921.0,0.0,116149.0,13488.0,394452.0,59648.0,26650.0,1203.0,69.0,281.0
370,69506.0,9055.0,524385.0,78621.0,25939.0,1641.0,134468.0,14208.0,503633.0,75518.0,26705.0,1788.0,71.0,281.0
371,196640.0,27479.0,1980182.0,312415.0,120578.0,0.0,337298.0,39344.0,1645225.0,259690.0,97782.0,1270.0,155.0,282.0
372,97142.0,9077.0,837384.0,126249.0,41564.0,0.0,213644.0,14835.0,796860.0,120710.0,37969.0,418.0,72.0,282.0
373,56612.0,4664.0,470304.0,70954.0,31598.0,0.0,128757.0,9307.0,455792.0,68172.0,29757.0,497.0,70.0,282.0
374,167572.0,15063.0,1304078.0,208450.0,81833.0,0.0,343660.0,24915.0,1199789.0,192362.0,74901.0,634.0,90.0,283.0
375,35537.0,1957.0,365270.0,57270.0,23139.0,0.0,81840.0,2658.0,358728.0,56557.0,22975.0,246.0,70.0,283.0
376,110054.0,15194.0,946638.0,160329.0,61166.0,0.0,224226.0,23417.0,877758.0,148417.0,55444.0,550.0,89.0,284.0
377,72187.0,12515.0,555840.0,91391.0,40758.0,0.0,158020.0,19488.0,512997.0,84554.0,35836.0,1154.0,76.0,284.0
378,79944.0,9700.0,748928.0,111675.0,43333.0,1738.0,168916.0,16496.0,680103.0,100514.0,39729.0,2398.0,89.0,284.0
379,207.0,184.0,37261.0,5700.0,1347.0,566.0,9231.0,2084.0,32820.0,5140.0,1494.0,564.0,69.0,284.0
380,172891.0,17303.0,875618.0,147921.0,65044.0,1251.0,332843.0,26098.0,807751.0,136119.0,60903.0,1832.0,89.0,285.0
381,62704.0,6846.0,630770.0,102385.0,35833.0,1001.0,138516.0,10378.0,595735.0,96108.0,34511.0,1783.0,87.0,286.0
382,102123.0,16596.0,865644.0,122675.0,41090.0,222.0,211089.0,25239.0,810712.0,114895.0,37543.0,1353.0,72.0,286.0
383,153297.0,11222.0,702640.0,104644.0,40726.0,0.0,301545.0,16622.0,626656.0,94150.0,35905.0,1532.0,90.0,286.0
384,55152.0,12027.0,376989.0,59341.0,23298.0,255.0,128019.0,18782.0,351069.0,54921.0,21237.0,334.0,88.0,287.0
385,169335.0,25076.0,1222823.0,205672.0,78614.0,0.0,319440.0,35794.0,1049584.0,177681.0,65349.0,333.0,94.0,288.0
386,215073.0,29515.0,1348362.0,216277.0,93021.0,918.0,343534.0,41298.0,1105877.0,177789.0,74067.0,1857.0,194.0,288.0
387,216042.0,29533.0,1605729.0,267326.0,94641.0,0.0,424971.0,44908.0,1491867.0,247561.0,89945.0,483.0,90.0,288.0
388,88026.0,45911.0,1029875.0,165810.0,72934.0,0.0,167922.0,69656.0,881307.0,141326.0,60371.0,797.0,150.0,288.0
389,156666.0,32465.0,981689.0,168890.0,69053.0,627.0,297041.0,48919.0,837019.0,144555.0,58859.0,2058.0,94.0,288.0
390,230706.0,13405.0,1143815.0,193335.0,72751.0,0.0,425689.0,18995.0,1026048.0,175627.0,62321.0,1173.0,91.0,289.0
391,0.0,0.0,256151.0,37924.0,10678.0,0.0,7738.0,2369.0,242143.0,35576.0,10465.0,672.0,71.0,289.0
392,42802.0,5733.0,338523.0,53307.0,17682.0,0.0,89060.0,8581.0,315103.0,49703.0,16758.0,150.0,74.0,291.0
393,195.0,4491.0,201049.0,28584.0,9576.0,274.0,18915.0,6724.0,188465.0,26466.0,10222.0,506.0,70.0,291.0
394,133015.0,9682.0,628156.0,105579.0,46026.0,1172.0,251829.0,12202.0,570859.0,95445.0,42037.0,2612.0,87.0,291.0
395,4740.0,1823.0,118689.0,16718.0,6363.0,10.0,11062.0,3690.0,113310.0,15617.0,4714.0,75.0,72.0,291.0
396,125667.0,14391.0,585246.0,89648.0,39770.0,0.0,250160.0,26102.0,551991.0,85628.0,38134.0,392.0,86.0,291.0
397,34861.0,3593.0,478411.0,69928.0,24764.0,1207.0,88289.0,6533.0,460962.0,67678.0,23793.0,1503.0,70.0,292.0
398,96796.0,11589.0,607567.0,94120.0,34421.0,0.0,184986.0,18218.0,568950.0,88733.0,31908.0,309.0,90.0,292.0
399,305408.0,30073.0,1565725.0,246113.0,122109.0,1405.0,635380.0,48634.0,1493948.0,236351.0,117417.0,3225.0,73.0,292.0
400,274375.0,45463.0,2583060.0,402604.0,148022.0,578.0,480166.0,59242.0,2170151.0,341712.0,124977.0,1818.0,196.0,293.0
401,127500.0,14627.0,1038936.0,158372.0,62417.0,0.0,263829.0,21353.0,895504.0,137553.0,51819.0,375.0,136.0,293.0
402,156350.0,36794.0,944951.0,154113.0,66460.0,1278.0,312669.0,58219.0,860563.0,140272.0,58106.0,1044.0,91.0,293.0
403,382415.0,56810.0,2357620.0,385426.0,173314.0,0.0,550067.0,71353.0,1718485.0,282530.0,129631.0,1395.0,212.0,293.0
404,47010.0,16617.0,907807.0,131217.0,41263.0,455.0,108373.0,27244.0,886838.0,128581.0,38225.0,1543.0,71.0,294.0
405,105759.0,8420.0,525984.0,84514.0,33040.0,0.0,190518.0,10477.0,476062.0,75699.0,29399.0,189.0,89.0,294.0
406,59773.0,6575.0,854297.0,125889.0,43034.0,0.0,137326.0,11802.0,834498.0,123474.0,38211.0,327.0,70.0,294.0
407,261743.0,15182.0,1922222.0,305952.0,117696.0,0.0,498477.0,23203.0,1812390.0,288777.0,113046.0,1562.0,74.0,295.0
408,304906.0,29562.0,2289030.0,400094.0,167218.0,2113.0,605261.0,42506.0,2073333.0,364759.0,157824.0,3496.0,91.0,295.0
409,75333.0,6262.0,714122.0,97346.0,34760.0,0.0,180568.0,12516.0,663724.0,89918.0,30123.0,854.0,72.0,295.0
410,115908.0,26632.0,1022315.0,153754.0,54705.0,0.0,224821.0,39070.0,876826.0,133266.0,44985.0,1184.0,152.0,295.0
411,60779.0,7273.0,626755.0,103034.0,44021.0,0.0,130395.0,12785.0,559783.0,93492.0,39523.0,208.0,88.0,295.0
412,152631.0,26725.0,1123846.0,174288.0,76834.0,660.0,304287.0,42115.0,1018828.0,156683.0,68542.0,1363.0,92.0,295.0
413,90015.0,17635.0,827664.0,133499.0,53356.0,727.0,187330.0,26818.0,800690.0,128168.0,52260.0,1287.0,71.0,296.0
414,298404.0,22514.0,1385962.0,209392.0,96837.0,1458.0,534575.0,32932.0,1219365.0,184851.0,84595.0,2833.0,112.0,296.0
415,79736.0,6719.0,499516.0,80331.0,30538.0,0.0,182067.0,10983.0,465575.0,74836.0,25442.0,1320.0,90.0,296.0
416,93677.0,9326.0,661603.0,117589.0,46575.0,0.0,192696.0,14057.0,642017.0,112764.0,48476.0,1656.0,71.0,296.0
417,244351.0,34950.0,1416587.0,246683.0,99746.0,443.0,404363.0,52199.0,1243744.0,215645.0,87642.0,1378.0,93.0,296.0
418,306235.0,24753.0,1227387.0,198289.0,85893.0,2021.0,549742.0,36915.0,1078631.0,176897.0,75086.0,1844.0,91.0,297.0
419,142346.0,25827.0,949236.0,152645.0,65865.0,1531.0,270329.0,37783.0,806121.0,130647.0,58324.0,2339.0,93.0,297.0
420,123724.0,17839.0,809293.0,126494.0,44619.0,1318.0,254519.0,26804.0,753922.0,117190.0,42549.0,1289.0,90.0,297.0
421,184002.0,32635.0,1014569.0,173864.0,78653.0,0.0,403896.0,50481.0,920897.0,157083.0,72391.0,1899.0,91.0,297.0
422,273347.0,43574.0,2235180.0,369355.0,143439.0,980.0,368885.0,51458.0,1591504.0,262942.0,96416.0,1404.0,204.0,297.0
423,49909.0,12309.0,300539.0,49554.0,17176.0,0.0,103648.0,20412.0,284326.0,46490.0,16522.0,539.0,71.0,297.0
424,192680.0,18939.0,945574.0,157938.0,65421.0,146.0,402274.0,27149.0,915864.0,153448.0,65158.0,671.0,73.0,298.0
425,102106.0,14923.0,623020.0,100305.0,37588.0,0.0,188672.0,20651.0,576157.0,92513.0,36532.0,209.0,89.0,298.0
426,92888.0,10574.0,745007.0,132710.0,51726.0,380.0,196146.0,15729.0,686646.0,123390.0,46712.0,1344.0,76.0,298.0
427,91096.0,15868.0,1045901.0,171759.0,62012.0,0.0,187889.0,23883.0,961031.0,159335.0,54230.0,247.0,88.0,298.0
428,119749.0,16652.0,611151.0,103433.0,43131.0,581.0,244019.0,25343.0,563474.0,93580.0,39115.0,1434.0,74.0,299.0
429,104075.0,7823.0,656207.0,106327.0,39542.0,2481.0,215728.0,13617.0,610888.0,99048.0,38126.0,2870.0,73.0,300.0
430,98257.0,11899.0,742784.0,112767.0,41260.0,1274.0,200520.0,21143.0,680665.0,103788.0,39477.0,1489.0,88.0,301.0
431,132910.0,24792.0,645795.0,102175.0,38041.0,0.0,296338.0,38501.0,633918.0,100426.0,39146.0,525.0,72.0,301.0
432,413350.0,55863.0,4164795.0,697503.0,268412.0,0.0,653387.0,69227.0,3081098.0,526712.0,207141.0,835.0,208.0,302.0
433,122248.0,23350.0,822133.0,147112.0,68943.0,1517.0,228753.0,34080.0,728092.0,130106.0,61573.0,2249.0,92.0,302.0
434,77773.0,8327.0,494850.0,85097.0,35893.0,0.0,181196.0,11988.0,487086.0,83675.0,33422.0,1194.0,72.0,304.0
435,242600.0,17109.0,1400610.0,219591.0,83940.0,1683.0,467197.0,24895.0,1255669.0,196939.0,74030.0,1043.0,91.0,305.0
436,36153.0,7312.0,277163.0,43284.0,17949.0,823.0,77381.0,10420.0,258132.0,39282.0,15944.0,661.0,70.0,305.0
437,58977.0,5671.0,364315.0,57431.0,21728.0,0.0,136064.0,8994.0,342043.0,54492.0,20887.0,102.0,75.0,305.0
438,0.0,914.0,39952.0,5841.0,1928.0,389.0,5554.0,2218.0,36963.0,5454.0,1622.0,290.0,62.0,305.0
439,169696.0,31038.0,951103.0,155641.0,62319.0,1021.0,335436.0,46659.0,860069.0,141462.0,55658.0,1686.0,109.0,306.0
440,180289.0,18789.0,1164971.0,197741.0,85516.0,0.0,342783.0,26777.0,1020092.0,175873.0,75035.0,583.0,90.0,306.0
441,132369.0,18772.0,1780272.0,271797.0,90167.0,873.0,261051.0,27431.0,1635969.0,250563.0,81164.0,2835.0,90.0,306.0
442,0.0,0.0,50067.0,7403.0,3094.0,485.0,6246.0,2386.0,46485.0,6303.0,2342.0,773.0,67.0,306.0
443,107197.0,18147.0,826672.0,137773.0,54651.0,1045.0,213685.0,27386.0,747454.0,124677.0,47095.0,575.0,92.0,306.0
444,79993.0,9313.0,546514.0,89825.0,37369.0,149.0,175723.0,14407.0,506951.0,83236.0,32463.0,1329.0,74.0,306.0
445,0.0,0.0,209296.0,30175.0,8753.0,1601.0,10310.0,1264.0,196480.0,28114.0,7670.0,1608.0,74.0,307.0
446,78567.0,20709.0,741796.0,122542.0,52692.0,0.0,158704.0,32544.0,678710.0,112429.0,49694.0,222.0,90.0,307.0
447,48432.0,6231.0,561276.0,93979.0,34971.0,0.0,117445.0,9185.0,528445.0,88624.0,33486.0,512.0,72.0,308.0
448,277097.0,23817.0,1361741.0,218163.0,102662.0,0.0,495213.0,34066.0,1213125.0,194978.0,90845.0,1115.0,92.0,308.0
449,141098.0,11493.0,909078.0,147625.0,60970.0,502.0,276645.0,18021.0,842130.0,136278.0,58306.0,1386.0,88.0,310.0
450,81246.0,13491.0,889424.0,138227.0,59148.0,0.0,171356.0,20109.0,801982.0,126327.0,54273.0,791.0,94.0,310.0
451,88862.0,19210.0,876950.0,134516.0,54005.0,0.0,183694.0,29065.0,762244.0,117248.0,48542.0,947.0,90.0,310.0
452,68645.0,6644.0,594090.0,87783.0,33074.0,0.0,148071.0,10879.0,538799.0,81449.0,28159.0,762.0,109.0,312.0
453,37077.0,8091.0,466202.0,67588.0,22114.0,0.0,90572.0,11545.0,421263.0,60641.0,18393.0,77.0,87.0,312.0
454,114424.0,20420.0,533609.0,83495.0,42227.0,456.0,236640.0,29855.0,492744.0,76459.0,36300.0,798.0,74.0,312.0
455,147241.0,9196.0,1096742.0,168825.0,59392.0,1176.0,299646.0,15653.0,1025412.0,158938.0,49911.0,1826.0,74.0,313.0
456,96737.0,8833.0,484243.0,84401.0,38580.0,1408.0,205300.0,14129.0,463221.0,81257.0,36029.0,1796.0,73.0,314.0
457,290186.0,25115.0,1088059.0,173891.0,64105.0,0.0,558973.0,39512.0,1007896.0,161444.0,58610.0,108.0,90.0,314.0
458,70152.0,19892.0,832206.0,123755.0,51071.0,368.0,151002.0,34953.0,784040.0,116201.0,45297.0,1448.0,72.0,315.0
459,78558.0,12175.0,561674.0,92282.0,42314.0,0.0,174715.0,16906.0,496872.0,82752.0,35205.0,432.0,90.0,315.0
460,62102.0,7642.0,582170.0,100219.0,42712.0,0.0,135104.0,9270.0,532212.0,91469.0,40564.0,1584.0,88.0,315.0
461,134379.0,11086.0,835012.0,125998.0,49723.0,0.0,269015.0,16185.0,741672.0,112523.0,46124.0,292.0,89.0,316.0
462,137989.0,20407.0,1519215.0,225065.0,76444.0,0.0,254434.0,26307.0,1282290.0,189854.0,61511.0,495.0,152.0,316.0
463,48234.0,7482.0,460775.0,74848.0,27443.0,217.0,106372.0,10374.0,426615.0,69280.0,24186.0,654.0,73.0,316.0
464,100883.0,9700.0,537980.0,87901.0,39072.0,0.0,201665.0,17262.0,529215.0,86380.0,38163.0,484.0,71.0,316.0
465,64533.0,6128.0,437119.0,76027.0,28940.0,0.0,138013.0,8543.0,415715.0,72836.0,26847.0,523.0,70.0,317.0
466,106952.0,22917.0,961466.0,152321.0,52913.0,1664.0,228440.0,35062.0,861953.0,136838.0,45002.0,1762.0,90.0,318.0
467,190641.0,25523.0,1661670.0,277060.0,120366.0,0.0,311976.0,35585.0,1347405.0,224451.0,96842.0,1231.0,155.0,318.0
468,35799.0,6700.0,502559.0,87989.0,31863.0,331.0,85779.0,11015.0,483341.0,84162.0,31783.0,485.0,71.0,318.0
469,103973.0,28914.0,661442.0,116057.0,58200.0,988.0,207200.0,45497.0,619314.0,107324.0,50405.0,1297.0,75.0,318.0
470,327571.0,59503.0,3108005.0,533621.0,182461.0,2419.0,586716.0,83638.0,2653831.0,459972.0,156758.0,1952.0,136.0,319.0
471,441680.0,90796.0,2047651.0,329379.0,126599.0,2254.0,745866.0,136337.0,1711141.0,279797.0,105064.0,1749.0,154.0,319.0
472,36624.0,12102.0,514157.0,75825.0,27743.0,1135.0,79067.0,20014.0,497290.0,73914.0,26481.0,1713.0,72.0,320.0
473,209246.0,27077.0,1109000.0,171702.0,59248.0,88.0,398164.0,44044.0,1050378.0,160909.0,53038.0,683.0,72.0,320.0
474,149043.0,14524.0,848758.0,134106.0,57593.0,0.0,306276.0,22570.0,785907.0,124481.0,53344.0,1685.0,73.0,320.0
475,3988.0,0.0,151603.0,21162.0,7957.0,1112.0,9221.0,1174.0,145779.0,19823.0,6667.0,1231.0,70.0,320.0
476,214097.0,12113.0,987302.0,152149.0,60740.0,0.0,395972.0,20388.0,919384.0,142946.0,57437.0,622.0,88.0,321.0
477,83887.0,4259.0,480569.0,78864.0,35271.0,529.0,159428.0,6995.0,459120.0,75332.0,31624.0,645.0,71.0,321.0
478,1667.0,1431.0,47368.0,7220.0,2045.0,252.0,15003.0,4238.0,40049.0,5744.0,1863.0,367.0,88.0,322.0
479,124671.0,24028.0,698331.0,117538.0,44679.0,0.0,248726.0,37243.0,664865.0,111392.0,43618.0,559.0,73.0,323.0
480,81971.0,8970.0,691416.0,111281.0,37277.0,0.0,175733.0,13645.0,656158.0,106368.0,35738.0,869.0,72.0,323.0
481,95639.0,9697.0,1008115.0,161960.0,58674.0,1312.0,193420.0,14066.0,952095.0,151673.0,54081.0,1451.0,89.0,323.0
482,113387.0,14923.0,1002649.0,160404.0,58723.0,0.0,225644.0,22628.0,924807.0,146979.0,54072.0,873.0,88.0,324.0
483,85164.0,10601.0,958072.0,163418.0,63156.0,1907.0,192801.0,19535.0,915331.0,155275.0,62276.0,1808.0,70.0,324.0
484,0.0,271.0,58852.0,7939.0,2148.0,330.0,4210.0,2431.0,52599.0,7361.0,2285.0,614.0,68.0,324.0
485,57160.0,7761.0,980644.0,153145.0,47421.0,537.0,126708.0,12629.0,863772.0,137131.0,41676.0,1130.0,89.0,325.0
486,216169.0,31797.0,2073614.0,347245.0,135168.0,907.0,354365.0,45727.0,1609234.0,270058.0,102081.0,2487.0,234.0,325.0
487,48363.0,9359.0,563381.0,96823.0,36611.0,513.0,108536.0,15053.0,525472.0,91261.0,33330.0,1192.0,73.0,326.0
488,40516.0,10345.0,347316.0,56056.0,25991.0,0.0,103943.0,16560.0,319786.0,51848.0,24821.0,470.0,86.0,326.0
489,97057.0,8935.0,963396.0,164142.0,71103.0,347.0,227964.0,12899.0,888809.0,152235.0,67895.0,2457.0,76.0,326.0
490,71275.0,9968.0,593742.0,95491.0,44004.0,0.0,165826.0,14068.0,548234.0,89614.0,41679.0,704.0,88.0,326.0
491,106087.0,9245.0,820874.0,135075.0,64161.0,0.0,214333.0,16367.0,770230.0,127615.0,59044.0,0.0,74.0,327.0
492,179134.0,14182.0,909763.0,157732.0,65325.0,1517.0,372041.0,23294.0,855508.0,149836.0,61303.0,3492.0,72.0,327.0
493,4012.0,0.0,142848.0,20519.0,5964.0,277.0,10642.0,2490.0,123027.0,17747.0,6782.0,623.0,86.0,327.0
494,223923.0,46440.0,1781239.0,282734.0,107268.0,0.0,389832.0,63835.0,1438112.0,230068.0,84956.0,402.0,212.0,328.0
495,201337.0,18106.0,1139232.0,173671.0,70741.0,0.0,404135.0,26348.0,1026404.0,157548.0,63644.0,486.0,91.0,328.0
496,155362.0,18745.0,499345.0,82655.0,40548.0,1373.0,290671.0,29866.0,486662.0,79834.0,38416.0,2220.0,72.0,329.0
497,52587.0,10064.0,633826.0,104775.0,43910.0,1269.0,117695.0,15906.0,591225.0,97042.0,39564.0,1051.0,72.0,329.0
498,80755.0,11694.0,541224.0,92520.0,34674.0,0.0,171198.0,21426.0,505983.0,86791.0,31003.0,1494.0,74.0,329.0
499,434.0,169.0,185031.0,27148.0,8147.0,0.0,15760.0,1640.0,168530.0,24999.0,6739.0,492.0,69.0,329.0
500,78506.0,14142.0,601540.0,101994.0,43520.0,0.0,158807.0,21941.0,557639.0,95004.0,42039.0,1235.0,88.0,329.0
501,178206.0,47163.0,1507255.0,221444.0,87225.0,907.0,337985.0,69963.0,1310525.0,192508.0,76436.0,2562.0,93.0,330.0
502,125236.0,8892.0,576549.0,95907.0,41483.0,918.0,265143.0,15271.0,535808.0,89318.0,39281.0,2207.0,88.0,330.0
503,84883.0,8892.0,529550.0,86573.0,33711.0,0.0,196914.0,12618.0,484342.0,77872.0,30373.0,1457.0,88.0,331.0
504,115049.0,9534.0,709139.0,117808.0,43609.0,0.0,250130.0,15607.0,675976.0,113159.0,41346.0,872.0,89.0,332.0
505,109023.0,10450.0,1380610.0,232280.0,96021.0,2399.0,211108.0,14958.0,1201445.0,204292.0,87774.0,3369.0,97.0,332.0
506,201862.0,29825.0,1426479.0,241011.0,92198.0,0.0,379782.0,43281.0,1255217.0,216419.0,80674.0,1658.0,95.0,332.0
507,0.0,0.0,59924.0,7982.0,3265.0,167.0,6552.0,1630.0,54026.0,6812.0,2626.0,564.0,67.0,332.0
508,132923.0,17128.0,1161379.0,180332.0,69926.0,0.0,263737.0,26177.0,1022722.0,157582.0,58824.0,313.0,91.0,333.0
509,214365.0,34868.0,1624836.0,254385.0,108445.0,2633.0,412874.0,54172.0,1501331.0,234941.0,100524.0,5025.0,74.0,333.0
510,270586.0,21742.0,2253864.0,371366.0,130123.0,0.0,485253.0,33409.0,2063476.0,343185.0,120101.0,706.0,90.0,334.0
511,142400.0,20509.0,1138710.0,181752.0,84213.0,0.0,282569.0,28427.0,970190.0,155699.0,66007.0,484.0,112.0,334.0
512,331540.0,24877.0,1344837.0,211606.0,98905.0,905.0,607535.0,37784.0,1207972.0,188566.0,86917.0,1607.0,89.0,334.0
513,130312.0,5797.0,1044261.0,169547.0,68508.0,685.0,261425.0,9597.0,949647.0,155185.0,59753.0,953.0,90.0,335.0
514,94816.0,13447.0,607078.0,107827.0,49383.0,1467.0,188919.0,18754.0,552463.0,97576.0,41909.0,1358.0,92.0,335.0
515,81911.0,13938.0,656619.0,114055.0,45214.0,0.0,178229.0,20650.0,596458.0,103439.0,40466.0,319.0,90.0,335.0
516,73753.0,5968.0,586825.0,93264.0,33244.0,0.0,175999.0,13251.0,538685.0,86682.0,31399.0,928.0,88.0,335.0
517,106527.0,19799.0,1024072.0,163394.0,67798.0,0.0,216664.0,31085.0,923750.0,146557.0,59772.0,576.0,92.0,335.0
518,105700.0,19156.0,1115669.0,184642.0,65305.0,103.0,220830.0,27095.0,1030000.0,169368.0,62900.0,358.0,90.0,335.0
519,73602.0,25716.0,574772.0,88223.0,39448.0,0.0,155172.0,37538.0,521705.0,80931.0,34563.0,685.0,87.0,336.0
520,146006.0,10035.0,1090025.0,200850.0,94769.0,2145.0,282435.0,12737.0,956499.0,176861.0,84426.0,2519.0,90.0,336.0
521,148381.0,11651.0,922679.0,157350.0,64172.0,1475.0,299123.0,16645.0,859915.0,147765.0,59178.0,3018.0,73.0,336.0
522,59569.0,8471.0,535916.0,87040.0,28184.0,0.0,139987.0,15654.0,526687.0,84942.0,29777.0,988.0,70.0,336.0
523,157489.0,20805.0,1132387.0,187909.0,76035.0,0.0,317197.0,32826.0,991705.0,166484.0,67110.0,1577.0,90.0,337.0
524,101514.0,14830.0,806410.0,149186.0,56709.0,409.0,211471.0,22673.0,712856.0,131796.0,48732.0,1079.0,92.0,338.0
525,31728.0,5217.0,407747.0,54888.0,18690.0,832.0,72042.0,7080.0,407653.0,55300.0,18181.0,1077.0,70.0,338.0
526,204638.0,20212.0,1147510.0,204368.0,82304.0,1992.0,414700.0,31398.0,1107848.0,197759.0,79053.0,2610.0,72.0,339.0
527,98030.0,10391.0,861813.0,146786.0,56930.0,1001.0,200596.0,13869.0,820860.0,138065.0,54926.0,1674.0,72.0,340.0
528,105259.0,16732.0,1379885.0,211925.0,78582.0,1085.0,212801.0,25255.0,1187628.0,182127.0,65130.0,1497.0,98.0,340.0
529,60415.0,8517.0,317487.0,54853.0,22786.0,1134.0,135450.0,12958.0,308444.0,53145.0,21373.0,1834.0,69.0,340.0
530,257837.0,25499.0,920562.0,156179.0,67576.0,0.0,461603.0,32232.0,773333.0,129610.0,57465.0,2407.0,95.0,341.0
531,108489.0,9542.0,532934.0,87049.0,36798.0,264.0,211043.0,14307.0,495815.0,82131.0,31754.0,1932.0,91.0,341.0
532,134430.0,10864.0,692432.0,112171.0,52105.0,1382.0,278734.0,14256.0,651548.0,107753.0,46912.0,1896.0,89.0,342.0
533,165858.0,17378.0,1412551.0,227316.0,93265.0,0.0,289044.0,26109.0,1180123.0,192090.0,77428.0,2772.0,93.0,342.0
534,129169.0,16170.0,828963.0,130221.0,54703.0,889.0,236022.0,21928.0,727155.0,113193.0,46654.0,1469.0,92.0,342.0
535,246014.0,38845.0,1692606.0,300121.0,122948.0,106.0,402291.0,54446.0,1372293.0,243830.0,96472.0,1169.0,147.0,342.0
536,81590.0,12804.0,641240.0,106027.0,39568.0,296.0,166809.0,18889.0,598941.0,99101.0,39362.0,1104.0,74.0,342.0
537,252229.0,21837.0,1238382.0,201500.0,72595.0,0.0,484885.0,33419.0,1153380.0,188118.0,69388.0,718.0,90.0,342.0
538,151678.0,11068.0,547267.0,94475.0,48710.0,1396.0,318296.0,17213.0,524561.0,89920.0,44103.0,1587.0,74.0,342.0
539,158033.0,13793.0,940841.0,153141.0,65670.0,0.0,325256.0,21565.0,897047.0,146516.0,61398.0,424.0,72.0,343.0
540,29371.0,6318.0,665348.0,105331.0,36020.0,1441.0,76937.0,11688.0,617695.0,96628.0,33134.0,2392.0,73.0,343.0
541,63646.0,7165.0,663674.0,104880.0,40016.0,164.0,139946.0,12572.0,604952.0,96406.0,38218.0,743.0,93.0,343.0
542,174963.0,18469.0,1185252.0,207465.0,90624.0,0.0,314855.0,26779.0,1058129.0,184043.0,81790.0,658.0,93.0,345.0
543,140861.0,29735.0,1499965.0,262566.0,106232.0,0.0,282397.0,46025.0,1307511.0,229069.0,91581.0,2235.0,91.0,345.0
544,106506.0,18559.0,891959.0,150087.0,71815.0,0.0,232964.0,26701.0,791682.0,133378.0,62241.0,814.0,92.0,345.0
545,35078.0,14862.0,476538.0,71605.0,24644.0,0.0,76530.0,21112.0,438868.0,65675.0,22725.0,643.0,89.0,346.0
546,80141.0,5940.0,452783.0,68804.0,26998.0,723.0,156149.0,7931.0,432699.0,66449.0,24164.0,1641.0,86.0,346.0
547,51434.0,12369.0,343239.0,55656.0,26206.0,0.0,115523.0,20145.0,334092.0,54351.0,24090.0,1025.0,72.0,346.0
548,74471.0,7697.0,551015.0,87680.0,35142.0,491.0,156523.0,11688.0,516927.0,82221.0,32934.0,499.0,72.0,346.0
549,251416.0,35619.0,1977489.0,314071.0,133385.0,1638.0,476385.0,55536.0,1806238.0,288952.0,124022.0,3329.0,91.0,346.0
550,104369.0,9736.0,513353.0,76506.0,31658.0,0.0,217423.0,14092.0,472479.0,70686.0,29758.0,671.0,72.0,347.0
551,206144.0,16732.0,997677.0,164812.0,80802.0,0.0,387083.0,27774.0,876774.0,144254.0,70259.0,1417.0,92.0,347.0
552,95575.0,12729.0,833615.0,130240.0,49055.0,0.0,200189.0,20404.0,747839.0,118078.0,43691.0,1105.0,90.0,347.0
553,80301.0,11698.0,868009.0,140612.0,55800.0,0.0,168194.0,18130.0,754311.0,124166.0,47254.0,572.0,88.0,348.0
554,115467.0,19894.0,1118435.0,186675.0,70721.0,0.0,238120.0,31309.0,1035581.0,173086.0,63643.0,824.0,73.0,348.0
555,75579.0,7810.0,819414.0,112147.0,38633.0,634.0,163942.0,12397.0,746664.0,101643.0,38884.0,454.0,89.0,349.0
556,160301.0,5421.0,885036.0,141367.0,59331.0,278.0,320936.0,11518.0,803040.0,127581.0,54940.0,942.0,90.0,350.0
557,0.0,0.0,35591.0,4913.0,1905.0,840.0,7993.0,1644.0,31667.0,4365.0,1199.0,676.0,65.0,350.0
558,155851.0,22731.0,988307.0,149765.0,53931.0,341.0,316547.0,34822.0,918859.0,139990.0,49530.0,750.0,88.0,350.0
559,2115.0,0.0,206798.0,29464.0,9849.0,0.0,10270.0,1485.0,190957.0,26563.0,6944.0,590.0,72.0,350.0
560,24409.0,7606.0,201281.0,32535.0,12902.0,0.0,58988.0,11939.0,193021.0,31587.0,14125.0,449.0,70.0,350.0
561,142525.0,11099.0,692813.0,120267.0,44122.0,0.0,282156.0,15526.0,646522.0,111774.0,42106.0,540.0,74.0,351.0
562,193596.0,17768.0,1436929.0,244347.0,104741.0,0.0,326331.0,22089.0,1166342.0,198997.0,87624.0,1246.0,189.0,351.0
563,53343.0,7139.0,357364.0,60888.0,28047.0,977.0,128490.0,12923.0,341067.0,56658.0,22900.0,1540.0,72.0,352.0
564,82119.0,11426.0,797300.0,130533.0,48309.0,0.0,158219.0,15892.0,760651.0,124657.0,46319.0,1299.0,72.0,352.0
565,157121.0,14458.0,625378.0,107372.0,47272.0,0.0,305947.0,22841.0,557266.0,95902.0,43835.0,476.0,89.0,352.0
566,188824.0,22927.0,1915248.0,295883.0,106252.0,3280.0,367857.0,32713.0,1621383.0,252207.0,88716.0,2152.0,194.0,352.0
567,328050.0,32220.0,1408165.0,243878.0,90288.0,449.0,656200.0,47726.0,1354171.0,233995.0,87166.0,3843.0,72.0,352.0
568,99294.0,20975.0,998826.0,160854.0,58119.0,150.0,219147.0,33803.0,939784.0,152250.0,55274.0,1213.0,72.0,352.0
569,176738.0,43666.0,1131713.0,179138.0,77055.0,0.0,330730.0,66781.0,975169.0,155625.0,65721.0,937.0,93.0,353.0
570,91838.0,8776.0,414054.0,70063.0,31401.0,0.0,172619.0,15797.0,397484.0,67023.0,30926.0,720.0,72.0,354.0
571,59734.0,8788.0,761967.0,124520.0,42227.0,578.0,139421.0,14449.0,731556.0,119078.0,38248.0,1458.0,71.0,354.0
572,95008.0,12361.0,656738.0,115080.0,51194.0,733.0,199320.0,16691.0,598854.0,105027.0,47721.0,1879.0,91.0,354.0
573,90801.0,11362.0,850589.0,134420.0,51837.0,800.0,189449.0,16298.0,802673.0,127720.0,46969.0,1634.0,90.0,354.0
574,160530.0,12854.0,699021.0,107086.0,44789.0,38.0,318506.0,19665.0,625184.0,95874.0,39911.0,2393.0,88.0,354.0
575,91284.0,11326.0,700022.0,112543.0,47091.0,0.0,212683.0,18775.0,623383.0,99606.0,40600.0,1342.0,88.0,355.0
576,158886.0,10990.0,838592.0,127550.0,53279.0,353.0,316420.0,17173.0,805982.0,123876.0,48895.0,740.0,73.0,355.0
577,168231.0,23873.0,1251638.0,213663.0,87386.0,0.0,305382.0,35230.0,1136838.0,193659.0,74554.0,1464.0,91.0,356.0
578,227370.0,17599.0,1109286.0,187977.0,75823.0,0.0,473662.0,27223.0,1080992.0,182584.0,72922.0,216.0,71.0,356.0
579,145308.0,14590.0,1045032.0,163452.0,59615.0,1138.0,280126.0,22532.0,930999.0,145170.0,52331.0,2743.0,91.0,356.0
580,220309.0,32732.0,1616584.0,275473.0,114952.0,864.0,451959.0,50570.0,1499052.0,258035.0,109277.0,2048.0,88.0,356.0
581,89.0,734.0,170966.0,25202.0,8354.0,471.0,12200.0,2156.0,158293.0,23381.0,7174.0,369.0,71.0,357.0
582,127086.0,17514.0,583364.0,103548.0,43668.0,0.0,255494.0,28602.0,550455.0,98181.0,40962.0,320.0,87.0,357.0
583,240245.0,16508.0,1543205.0,244223.0,106169.0,0.0,412563.0,22741.0,1319635.0,208919.0,88717.0,1241.0,93.0,357.0
584,207051.0,17963.0,1200488.0,195329.0,98284.0,1199.0,396874.0,27434.0,1036308.0,167316.0,83212.0,788.0,93.0,357.0
585,227179.0,43313.0,1979716.0,337969.0,132313.0,0.0,401795.0,62927.0,1650176.0,287312.0,110521.0,930.0,136.0,357.0
586,94553.0,16794.0,552606.0,81696.0,34398.0,0.0,198576.0,25448.0,504403.0,73839.0,31786.0,764.0,88.0,357.0
587,572937.0,78869.0,3999312.0,694418.0,282976.0,1648.0,826995.0,104715.0,2946978.0,512295.0,202329.0,4827.0,152.0,358.0
588,160347.0,12092.0,686889.0,127613.0,50938.0,615.0,322383.0,21357.0,661808.0,124661.0,51816.0,2054.0,72.0,358.0
589,116673.0,11166.0,884298.0,143101.0,54843.0,1080.0,257844.0,15785.0,824676.0,132352.0,49102.0,1078.0,73.0,359.0
590,107094.0,6737.0,563049.0,86278.0,34932.0,762.0,237532.0,11204.0,545202.0,83131.0,35076.0,1297.0,70.0,360.0
591,61123.0,9039.0,487354.0,83223.0,31171.0,1129.0,122754.0,14497.0,482732.0,84033.0,30873.0,1375.0,72.0,360.0
592,443213.0,94553.0,2737233.0,460523.0,183299.0,0.0,733094.0,138428.0,2371781.0,403596.0,158159.0,3084.0,93.0,360.0
593,101505.0,12939.0,732742.0,112769.0,39137.0,0.0,217169.0,21031.0,710181.0,108153.0,37267.0,608.0,71.0,360.0
594,140220.0,25371.0,1164192.0,194923.0,66903.0,0.0,302467.0,39662.0,1111529.0,186697.0,65859.0,3000.0,90.0,361.0
595,160632.0,29680.0,1242586.0,201640.0,85602.0,280.0,326530.0,47513.0,1173380.0,191514.0,80645.0,1601.0,72.0,361.0
596,25271.0,4471.0,230285.0,36414.0,14960.0,385.0,43067.0,6118.0,220211.0,34745.0,13925.0,728.0,68.0,361.0
597,86378.0,10657.0,621510.0,99657.0,41584.0,945.0,182044.0,15450.0,576173.0,92744.0,37548.0,2232.0,74.0,361.0
598,142017.0,13378.0,932813.0,153479.0,63988.0,293.0,270679.0,15978.0,851450.0,137217.0,63824.0,1573.0,89.0,361.0
599,105352.0,8665.0,732348.0,113432.0,43663.0,1944.0,216993.0,16325.0,656603.0,101675.0,37503.0,2307.0,89.0,361.0
600,77975.0,6087.0,296029.0,53253.0,25545.0,309.0,170115.0,8689.0,263842.0,47460.0,19671.0,743.0,86.0,362.0
601,122697.0,27077.0,1297561.0,209337.0,93408.0,986.0,262954.0,43646.0,1145391.0,185813.0,78792.0,1264.0,92.0,362.0
602,250697.0,30609.0,1956458.0,314103.0,124019.0,1003.0,460657.0,47548.0,1783448.0,288103.0,114076.0,874.0,89.0,362.0
603,1727.0,0.0,27896.0,4492.0,1121.0,79.0,7151.0,1475.0,26842.0,3880.0,1913.0,247.0,57.0,362.0
604,59696.0,8412.0,511998.0,77457.0,28841.0,0.0,124511.0,12115.0,492184.0,74075.0,27166.0,469.0,72.0,362.0
605,63240.0,5903.0,542347.0,90707.0,39209.0,1368.0,147706.0,12202.0,529398.0,87758.0,40069.0,1425.0,71.0,362.0
606,185266.0,13496.0,1072228.0,170024.0,69645.0,528.0,361472.0,19156.0,994825.0,159294.0,65052.0,1142.0,74.0,363.0
607,143809.0,14715.0,871265.0,129893.0,43494.0,389.0,289116.0,24718.0,834031.0,123660.0,42403.0,940.0,73.0,364.0
608,114120.0,13316.0,938555.0,145838.0,60155.0,895.0,245513.0,20971.0,848803.0,132587.0,56209.0,441.0,110.0,364.0
609,85788.0,8459.0,377164.0,68984.0,34180.0,0.0,175899.0,10685.0,349724.0,63638.0,33814.0,727.0,87.0,364.0
610,197493.0,33769.0,1388118.0,223607.0,98215.0,1700.0,336178.0,46811.0,1124872.0,182881.0,82492.0,2455.0,194.0,364.0
611,240015.0,29232.0,1473006.0,238430.0,115511.0,2097.0,461185.0,45021.0,1322461.0,215600.0,100959.0,2087.0,112.0,365.0
612,64992.0,10739.0,635127.0,122664.0,55441.0,0.0,148654.0,18738.0,595480.0,116337.0,54582.0,349.0,74.0,365.0
613,70788.0,28401.0,915996.0,131984.0,40878.0,0.0,143474.0,46466.0,898906.0,128575.0,40244.0,319.0,70.0,366.0
614,649.0,13.0,41245.0,5064.0,1517.0,82.0,9231.0,1030.0,36998.0,4926.0,1429.0,208.0,72.0,366.0
615,54817.0,7469.0,388492.0,63552.0,27194.0,0.0,130327.0,11549.0,374193.0,60483.0,24758.0,503.0,70.0,366.0
616,139923.0,25414.0,1235663.0,203089.0,83302.0,703.0,259605.0,33935.0,1044968.0,169677.0,67443.0,2227.0,94.0,367.0
617,149091.0,33426.0,1929456.0,342167.0,136568.0,1441.0,196423.0,38306.0,1377760.0,245161.0,104441.0,2796.0,148.0,367.0
618,81667.0,16147.0,813776.0,147774.0,59953.0,0.0,163940.0,21497.0,746129.0,134467.0,57129.0,1427.0,89.0,368.0
619,109545.0,9173.0,638716.0,99654.0,37550.0,456.0,213423.0,14424.0,605411.0,93879.0,33784.0,1030.0,72.0,368.0
620,95502.0,6458.0,633544.0,95913.0,37387.0,1123.0,184174.0,7289.0,587624.0,89058.0,33640.0,1563.0,90.0,368.0
621,129637.0,20237.0,1275415.0,193069.0,63551.0,350.0,221409.0,32349.0,1049618.0,160072.0,49670.0,451.0,191.0,368.0
622,130872.0,10330.0,883962.0,143573.0,60752.0,1134.0,266961.0,15991.0,838905.0,136987.0,53267.0,2752.0,88.0,368.0
623,100797.0,22906.0,559162.0,86822.0,40719.0,0.0,204757.0,33932.0,514903.0,79333.0,37289.0,302.0,77.0,369.0
624,112759.0,6595.0,648420.0,102580.0,46450.0,0.0,225328.0,8553.0,604860.0,96166.0,44408.0,1291.0,73.0,369.0
625,169795.0,33266.0,2036962.0,328681.0,139611.0,0.0,248583.0,46650.0,1492536.0,244311.0,96551.0,1678.0,190.0,369.0
626,69943.0,9286.0,520959.0,83400.0,40801.0,1173.0,159080.0,13988.0,507706.0,80624.0,40277.0,646.0,72.0,369.0
627,75887.0,14049.0,524099.0,89009.0,37611.0,54.0,169255.0,23358.0,513640.0,87062.0,35729.0,1239.0,71.0,369.0
628,67492.0,13914.0,570822.0,93410.0,39687.0,173.0,136281.0,21534.0,503872.0,83123.0,35717.0,741.0,90.0,370.0
629,3176.0,1035.0,23193.0,4072.0,1864.0,0.0,11049.0,2804.0,21225.0,3529.0,1485.0,127.0,55.0,370.0
630,105360.0,23897.0,974487.0,164422.0,66491.0,0.0,211409.0,34607.0,850075.0,145820.0,56893.0,268.0,93.0,370.0
631,78912.0,10957.0,789852.0,130601.0,49887.0,324.0,168577.0,15290.0,717133.0,120257.0,41901.0,1776.0,90.0,371.0
632,28651.0,3077.0,384210.0,76975.0,33887.0,0.0,73158.0,6795.0,357688.0,72680.0,31428.0,422.0,74.0,371.0
633,109563.0,15207.0,1339393.0,199226.0,61875.0,928.0,223741.0,24595.0,1244673.0,184974.0,57348.0,2837.0,74.0,371.0
634,137738.0,17244.0,991719.0,159017.0,63697.0,0.0,289355.0,28212.0,934076.0,150623.0,57825.0,619.0,89.0,371.0
635,127658.0,14893.0,855928.0,131398.0,52687.0,473.0,246410.0,23818.0,799154.0,123932.0,46573.0,1469.0,88.0,373.0
636,73470.0,12977.0,827572.0,125006.0,48869.0,1272.0,148612.0,20409.0,773591.0,116561.0,42625.0,1606.0,71.0,373.0
637,98414.0,16085.0,778365.0,121206.0,48607.0,898.0,212626.0,26290.0,675597.0,105432.0,42427.0,1335.0,90.0,373.0
638,120940.0,31196.0,1062943.0,181663.0,77916.0,0.0,257434.0,45038.0,937278.0,158405.0,65919.0,1462.0,90.0,373.0
639,182499.0,17225.0,1469582.0,250201.0,100625.0,2143.0,341463.0,23790.0,1327139.0,224712.0,90714.0,2285.0,91.0,373.0
640,0.0,0.0,39800.0,5975.0,3062.0,0.0,9348.0,2083.0,37037.0,5594.0,3442.0,186.0,54.0,373.0
641,118028.0,15587.0,962971.0,161907.0,67286.0,1115.0,257127.0,25939.0,891567.0,150359.0,63902.0,1917.0,89.0,375.0
642,212833.0,28063.0,1063330.0,170702.0,79191.0,735.0,441742.0,41553.0,1031684.0,165798.0,76090.0,1067.0,70.0,375.0
643,106781.0,14009.0,789624.0,124132.0,49514.0,1386.0,223896.0,22443.0,703602.0,111464.0,41077.0,1293.0,79.0,375.0
644,134659.0,21430.0,1254377.0,201122.0,71019.0,0.0,290599.0,30778.0,1095980.0,175418.0,58011.0,1700.0,91.0,375.0
645,83885.0,21272.0,731437.0,115884.0,43844.0,799.0,190897.0,36987.0,712203.0,113647.0,42389.0,1120.0,71.0,375.0
646,60244.0,9179.0,700288.0,114993.0,43012.0,337.0,139527.0,14305.0,662763.0,109475.0,39468.0,773.0,72.0,376.0
647,227574.0,30354.0,1271457.0,214392.0,87638.0,0.0,419912.0,43875.0,1110960.0,189962.0,77151.0,462.0,92.0,376.0
648,1792.0,1015.0,93377.0,13320.0,3770.0,316.0,11300.0,3231.0,82811.0,11783.0,2937.0,633.0,66.0,376.0
649,68793.0,12443.0,622992.0,98529.0,43416.0,0.0,143010.0,17689.0,557787.0,88634.0,40858.0,251.0,90.0,378.0
650,92428.0,11476.0,435653.0,72495.0,26418.0,0.0,205616.0,17466.0,408479.0,67302.0,24581.0,1990.0,71.0,378.0
651,136090.0,14183.0,748109.0,123192.0,56643.0,0.0,268923.0,19002.0,694990.0,112685.0,50727.0,958.0,75.0,379.0
652,112562.0,19339.0,544423.0,90049.0,41891.0,997.0,233641.0,26677.0,488357.0,80407.0,38214.0,1299.0,89.0,379.0
653,70480.0,6773.0,266939.0,46904.0,21190.0,1027.0,166509.0,12030.0,256274.0,44787.0,20133.0,1054.0,71.0,379.0
654,137745.0,14058.0,1112932.0,181623.0,66686.0,1074.0,312459.0,21346.0,1016880.0,165702.0,58876.0,1455.0,89.0,379.0
655,174304.0,25577.0,1381187.0,232077.0,103392.0,2044.0,302991.0,31697.0,1154481.0,193413.0,86731.0,2119.0,135.0,380.0
656,60722.0,9000.0,526443.0,83369.0,30116.0,200.0,140188.0,13241.0,487520.0,77565.0,29209.0,908.0,87.0,380.0
657,52444.0,6615.0,321838.0,51209.0,21290.0,147.0,122015.0,9757.0,299481.0,47254.0,20594.0,577.0,73.0,380.0
658,48822.0,11728.0,709438.0,113762.0,45589.0,0.0,119859.0,16018.0,626229.0,100725.0,41770.0,126.0,92.0,381.0
659,198321.0,29087.0,1919981.0,310403.0,135569.0,4562.0,303418.0,38509.0,1387572.0,223549.0,101413.0,4934.0,153.0,381.0
660,164828.0,19856.0,957800.0,149852.0,59584.0,1280.0,327838.0,31210.0,858715.0,136447.0,50618.0,2362.0,96.0,381.0
661,218.0,287.0,25868.0,3360.0,1752.0,0.0,10979.0,2432.0,23089.0,3066.0,1677.0,299.0,64.0,381.0
662,0.0,1023.0,51747.0,7546.0,2148.0,528.0,13947.0,2203.0,51531.0,7028.0,1934.0,299.0,65.0,381.0
663,104287.0,15932.0,625491.0,105335.0,39368.0,692.0,219148.0,25441.0,606961.0,102541.0,40125.0,653.0,71.0,381.0
664,128487.0,17452.0,956688.0,154235.0,74229.0,581.0,255806.0,23654.0,816071.0,132752.0,66807.0,1107.0,150.0,381.0
665,97482.0,9160.0,750091.0,116621.0,49098.0,0.0,190753.0,12353.0,687213.0,107350.0,47203.0,847.0,92.0,382.0
666,5918.0,765.0,23938.0,3749.0,402.0,376.0,13614.0,2769.0,21322.0,3177.0,546.0,265.0,61.0,382.0
667,218647.0,35144.0,2564470.0,436102.0,183587.0,0.0,367756.0,50937.0,2036388.0,351109.0,149536.0,1902.0,196.0,382.0
668,70605.0,4789.0,536280.0,87111.0,34549.0,66.0,146770.0,7021.0,504961.0,83030.0,32082.0,370.0,76.0,383.0
669,57556.0,2700.0,595259.0,94797.0,35095.0,106.0,143211.0,5117.0,544142.0,86470.0,32906.0,1064.0,89.0,383.0
670,92405.0,7464.0,683706.0,112537.0,43049.0,0.0,185992.0,10385.0,649811.0,107352.0,41869.0,488.0,89.0,383.0
671,50351.0,9364.0,526612.0,85665.0,31257.0,400.0,129720.0,16011.0,493134.0,80918.0,26845.0,1408.0,73.0,384.0
672,89706.0,9044.0,703154.0,110358.0,44100.0,0.0,194800.0,14776.0,665536.0,104887.0,41161.0,827.0,72.0,384.0
673,122880.0,15062.0,817145.0,133321.0,47467.0,616.0,241873.0,22162.0,745418.0,120665.0,43382.0,1603.0,88.0,384.0
674,2455.0,0.0,217221.0,31812.0,8752.0,0.0,7739.0,790.0,183970.0,27138.0,6599.0,507.0,74.0,384.0
675,275676.0,23734.0,1232324.0,202743.0,74454.0,1930.0,545913.0,36088.0,1137509.0,187493.0,70018.0,2839.0,89.0,384.0
676,77191.0,14177.0,588816.0,95414.0,42495.0,0.0,177125.0,22922.0,548038.0,87591.0,38771.0,680.0,73.0,385.0
677,86761.0,16521.0,798935.0,137064.0,60424.0,158.0,183995.0,23775.0,710826.0,122942.0,50985.0,1722.0,90.0,385.0
